GX304-1_55058,3-5keV,5-12keV,12-20keV
# GX 304-1,Ver 4,2013-2-22,unit:crab,created by Takagi,,
#MJD,3-5keV,error,5-12keV,error,12-20keV,error
#date,c/s/cm^2,c/s/cm^2,c/s/cm^2,c/s/cm^2,c/s/cm^2,c/s/cm^2
55058.479965,0.00646067,0.00205993,0.0181293,0.00450346,0.0134529,0.0165919
55059.488920,0.00486891,0.00187266,0.00796767,0.00415704,-0.00134529,0.0161435
55060.505285,0.00786517,0.00205993,0.0121247,0.00427252,0.0107623,0.0170404
55061.514275,0.00655431,0.00196629,0.017552,0.00438799,0.0130045,0.0170404
55062.482305,0.00355805,0.00196629,0.00796767,0.00450346,0.00493274,0.0179372
55063.491290,0.0093633,0.00224719,0.00819861,0.00450346,-0.00269058,0.0174888
55064.507280,0.00355805,0.00205993,0.00588915,0.00450346,-0.00717489,0.0174888
55065.516295,0.00477528,0.00243446,0.0073903,0.00531178,-0.00224215,0.0210762
55066.483930,0.00318352,0.00224719,0.00785219,0.00484988,-0.0215247,0.0192825
55067.492960,0.00187266,0.00215356,0.00981524,0.00496536,-0.0188341,0.0192825
55068.509360,0.00234082,0.00224719,0.00750577,0.00496536,0.00627803,0.0197309
55069.518390,0.00224719,0.00215356,0.0051963,0.00508083,-0.0233184,0.0192825
55070.486000,0.000561798,0.00234082,0.00727483,0.00531178,-0.00134529,0.0210762
55073.647805,0.000280899,0.00318352,0.00877598,0.00681293,0.00852018,0.0264574
55074.518155,0.00243446,0.00280899,0.00866051,0.00600462,0.0112108,0.0237668
55075.470720,9.3633e-05,0.00252809,0.00450346,0.00542725,-0.0152466,0.0201794
55076.487110,0.00290262,0.00262172,-0.00461894,0.0051963,0.0107623,0.0201794
55077.447365,0.00280899,0.00262172,0.00623557,0.0056582,-0.029148,0.0224215
55078.488040,0.00159176,0.00252809,-0.00103926,0.00588915,-0.00852018,0.0237668
55079.440810,0.00121723,0.00271536,0.00034642,0.0056582,-0.000896861,0.02287
55080.488885,0.00224719,0.00262172,-0.00196305,0.00542725,-0.0188341,0.0224215
55081.480790,0,0.00271536,-0.00230947,0.00612009,0.0134529,0.0251121
55082.490495,0.00168539,0.00262172,0.00750577,0.00658199,-0.0103139,0.0251121
55083.492725,0.00262172,0.00234082,0.00612009,0.00554273,-0.00852018,0.0215247
55084.508845,0.00177903,0.00224719,-0.00150115,0.00542725,-0.00358744,0.0219731
55085.476400,0.00243446,0.00215356,0.00484988,0.00531178,-0.0107623,0.0215247
55086.485035,0.00383895,0.00224719,0.000230947,0.0051963,-0.0251121,0.0219731
55087.501110,0.000655431,0.00215356,-0.0034642,0.0051963,-0.0156951,0.0215247
55088.509675,0.0011236,0.00215356,0.000577367,0.00531178,0.00538117,0.0215247
55089.477170,0.00187266,0.00215356,0.00369515,0.00508083,0.0174888,0.0210762
55090.485675,-9.3633e-05,0.00205993,0.00323326,0.0051963,-0.00986547,0.0215247
55091.494260,0.00458801,0.00252809,0.00230947,0.00554273,0.00672646,0.0224215
55092.510405,0.00552434,0.00262172,0.000923788,0.00635104,-0.00538117,0.0264574
55093.477670,-0.00224719,0.011236,0.0419169,0.030485,-0.1713,0.129596
55094.493450,0.00355805,0.00262172,0.00265589,0.00612009,-0.00313901,0.026009
55095.509185,0.00215356,0.00243446,0.00808314,0.00542725,-0.0165919,0.0224215
55097.335100,0.0167603,0.00692884,-0.00715935,0.0135104,-0.0295964,0.0457399
55098.287160,0.0102996,0.00683521,-0.0130485,0.0130485,-0.00358744,0.0466368
55099.302615,-0.000561798,0.00636704,0.00484988,0.0135104,-0.00852018,0.0479821
55100.286235,-0.00168539,0.00514981,0.0056582,0.0108545,-0.0376682,0.0381166
55101.301470,0.011236,0.00552434,-0.00531178,0.0114319,0.038565,0.0434978
55102.253180,-0.00131086,0.00533708,0.0106236,0.0106236,-0.0233184,0.0381166
55103.299900,0.00440075,0.00599251,0.00473441,0.012933,0.0147982,0.0488789
55104.283030,0.00383895,0.00514981,0.017321,0.0112009,0.0206278,0.044843
55105.234420,0.00674157,0.00599251,0.0209007,0.013164,-0.035426,0.038565
55106.597750,-0.00477528,0.00589888,0.002194,0.0127021,-0.0273543,0.0529148
55107.453615,9.3633e-05,0.00234082,0,0.00496536,-0.0134529,0.0206278
55108.499655,0.00159176,0.00215356,0.00277136,0.00450346,-0.02287,0.0188341
55109.514005,0.000374532,0.00215356,0.00115473,0.00450346,-0.00179372,0.0174888
55110.496690,0.00393258,0.00224719,0.00230947,0.00450346,0.00538117,0.0170404
55111.479450,0.00168539,0.00224719,-0.000115473,0.00461894,0.0340807,0.0165919
55112.398905,0.00149813,0.00234082,0.00115473,0.00484988,-0.0174888,0.0170404
55113.603825,-0.00168539,0.00486891,0.00288684,0.0113164,-0.0394619,0.0443946
55114.618745,0.00093633,0.00280899,0,0.00577367,-0.0278027,0.0206278
55115.252915,0.00102996,0.00393258,0.00969977,0.00796767,-0.0215247,0.0269058
55116.489905,0.00140449,0.00280899,-0.00981524,0.00577367,0.0210762,0.0210762
55117.511725,0.00131086,0.00280899,0.00588915,0.00588915,-0.0286996,0.0197309
55118.520020,0.00224719,0.00280899,0.00646651,0.00588915,-0.0286996,0.0201794
55119.485395,0.00327715,0.00271536,0.00473441,0.00542725,0.0044843,0.0192825
55120.493775,0.00140449,0.00252809,0.00923788,0.00531178,0.00807175,0.0197309
55121.509085,-0.000749064,0.00262172,-0.00300231,0.00531178,0.0112108,0.0192825
55122.517200,-0.00243446,0.00262172,0.00773672,0.00623557,0.000896861,0.0219731
55123.507540,0.000187266,0.00355805,0.00889145,0.00785219,-0.0134529,0.0286996
55124.459350,-9.3633e-05,0.00477528,0.0118938,0.0105081,0.0394619,0.0403587
55125.880080,0.00664794,0.00664794,0.00277136,0.0132794,-0.026009,0.0470852
55126.514605,0.00215356,0.00421348,-0.000230947,0.00877598,-0.00358744,0.0295964
55127.498085,0.00571161,0.00308989,-0.00138568,0.00577367,0.00627803,0.0210762
55128.481625,-0.00131086,0.00234082,-0.00496536,0.0051963,-0.00672646,0.0197309
55129.496850,-0.00215356,0.00224719,-0.00854503,0.00473441,-0.0210762,0.0188341
55130.512065,-0.00411985,0.00224719,-0.00196305,0.00461894,-0.0134529,0.0170404
55131.495540,0.00337079,0.00252809,0.00404157,0.0051963,0.0165919,0.0183857
55132.478985,-0.000842697,0.00215356,-0.00311778,0.00461894,-0.0165919,0.0170404
55133.494145,-0.000468165,0.00355805,0.000461894,0.00773672,0.00403587,0.0278027
55134.509120,0.00149813,0.00299625,0.0091224,0.00635104,0.000896861,0.0210762
55135.524090,0.00411985,0.00280899,0.00808314,0.00635104,0.0161435,0.0210762
55136.507485,-0.000842697,0.00290262,-0.00254042,0.00646651,-0.0107623,0.02287
55137.490850,-0.00102996,0.00308989,0.00242494,0.00588915,-0.0318386,0.0206278
55138.505925,0.00224719,0.00243446,0.00242494,0.00508083,0.0044843,0.0179372
55139.520990,-0.00177903,0.00215356,-0.00127021,0.00438799,0.0103139,0.0161435
55140.567745,0.00102996,0.00243446,-0.00265589,0.00484988,-0.0107623,0.0174888
55141.487625,-0.000842697,0.00215356,-0.00034642,0.00438799,-0.00896861,0.0156951
55142.502625,0.0011236,0.00215356,0.00254042,0.00438799,-0.0197309,0.0156951
55143.517610,0.000280899,0.00224719,0.00323326,0.00450346,-0.0381166,0.0161435
55144.500855,0.00131086,0.00224719,0.00773672,0.00484988,-0.0112108,0.0170404
55145.484085,0.00290262,0.00224719,0.00103926,0.00461894,0.00762332,0.0165919
55146.498990,0.00468165,0.00234082,0.00196305,0.00461894,-0.00986547,0.0170404
55147.513940,0.00870787,0.00271536,0.00750577,0.0051963,0.0237668,0.0197309
55148.497135,0.0110487,0.00290262,0.0337182,0.00600462,-0.00179372,0.0201794
55149.480190,0.0187266,0.00327715,0.0351039,0.00635104,0.00358744,0.0215247
55150.431520,0.0253745,0.00327715,0.0601617,0.00658199,0.0125561,0.0206278
55151.668185,0.0388577,0.00393258,0.0905312,0.00762125,0.0560538,0.0237668
55152.587715,0.0376404,0.00393258,0.0833718,0.0073903,0.0816143,0.0237668
55153.647560,0.036236,0.00458801,0.113048,0.00889145,0.0910314,0.0242152
55154.517105,0.0490637,0.00411985,0.0957275,0.00681293,0.115695,0.0206278
55155.499930,0.031367,0.00346442,0.0623557,0.00600462,0.0215247,0.0179372
55156.482670,0.0259363,0.00337079,0.0518476,0.00588915,0.0278027,0.0174888
55157.497120,0.0166667,0.00299625,0.0309469,0.00542725,0.0412556,0.0170404
55158.511480,0.0190075,0.00299625,0.0548499,0.0056582,0.0390135,0.0165919
55159.494265,0.0231273,0.00299625,0.0487298,0.00542725,0.0264574,0.0161435
55160.209720,0.0148876,0.00402622,0.0376443,0.00808314,0.02287,0.0255605
55161.306675,0.011236,0.0161985,-0.00496536,0.032679,-0.129148,0.127354
55162.257925,0.0109551,0.0113296,0.0181293,0.0202079,0.0618834,0.0825112
55163.209110,0.0191011,0.00692884,0.0579677,0.0133949,0.0295964,0.0461883
55164.223670,0.0311798,0.0076779,0.0472286,0.0139723,0.064574,0.0434978
55165.174795,0.0161985,0.00655431,-0.000692841,0.0122402,0.0825112,0.0439462
55166.189290,0.0088015,0.00561798,0.0220554,0.0108545,-0.0044843,0.0381166
55167.140270,0.0085206,0.00599251,0.0174365,0.0100462,-0.0304933,0.0376682
55168.154565,0.00758427,0.00552434,0.00484988,0.0113164,-0.0201794,0.0426009
55169.105370,0.00299625,0.00514981,-0.00230947,0.00969977,0.0372197,0.0372197
55170.119490,0.00683521,0.00496255,0.0132794,0.010739,-0.0327354,0.0363229
55171.101805,0.00177903,0.00430712,0.00334873,0.0091224,0.055157,0.0367713
55173.493335,0.00337079,0.00383895,0.0150115,0.00808314,0.00538117,0.0304933
55174.491280,0.00121723,0.00440075,0.00877598,0.0091224,-0.00941704,0.0340807
55175.504685,0.000561798,0.00346442,0.00715935,0.00715935,-0.0367713,0.0282511
55181.520530,0.00131086,0.00224719,0.00357968,0.00461894,-0.00896861,0.0170404
55182.502225,0.000655431,0.00280899,0.0039261,0.00531178,0.0116592,0.0201794
55183.515580,0.00280899,0.00262172,0.00704388,0.00484988,0.00179372,0.0170404
55184.497340,0.000561798,0.00337079,0.00461894,0.00600462,-0.00224215,0.0210762
55185.415930,0.00224719,0.00318352,0.00438799,0.00588915,-0.0367713,0.0192825
55186.461265,0.00571161,0.00290262,0.0101617,0.00508083,0.0152466,0.0183857
55187.507040,0.00243446,0.00290262,0.00727483,0.0056582,0.00269058,0.0183857
55188.520395,0.00271536,0.00271536,0.00496536,0.00496536,0.00627803,0.0170404
55189.502590,0.0071161,0.00299625,-0.000115473,0.00531178,0.000896861,0.0179372
55190.484795,0.00514981,0.00327715,0.00427252,0.00588915,-0.0139013,0.0206278
55191.467025,0.00468165,0.00280899,0.010739,0.0051963,0.000896861,0.0188341
55192.195790,0.00917603,0.00477528,-0.00496536,0.00866051,-0.038565,0.0340807
55193.621710,-0.00234082,0.00440075,0.0297921,0.0120092,0.0358744,0.041704
55194.477240,0.00842697,0.00290262,0.0128176,0.0056582,0.0300448,0.0197309
55195.491280,0.00608614,0.00299625,0.00438799,0.0056582,-0.0134529,0.0201794
55196.505310,0.00140449,0.00243446,0.00612009,0.00508083,0.00493274,0.0192825
55197.519370,0.000842697,0.00252809,0.00773672,0.00508083,-0.0188341,0.0183857
55198.501745,0.00280899,0.00252809,0.0017321,0.00508083,-0.0121076,0.0192825
55199.484140,0.00449438,0.00234082,0.00900693,0.00461894,-0.00941704,0.0165919
55200.498245,0.00290262,0.00234082,0.00254042,0.00461894,0.00986547,0.0170404
55201.512350,0.00458801,0.00234082,0.000461894,0.00473441,-0.0147982,0.0161435
55202.494765,0.00262172,0.00234082,-0.000115473,0.00473441,-0.0116592,0.0161435
55203.477190,0.00196629,0.00224719,0.00311778,0.00450346,-0.0197309,0.0161435
55204.491305,0.000655431,0.00224719,0.00265589,0.00461894,-0.00672646,0.0161435
55205.505425,0.000655431,0.00215356,-0.00115473,0.00450346,-0.0224215,0.0161435
55206.519535,0.00102996,0.00205993,0.00600462,0.00450346,-0.0363229,0.0156951
55207.501945,-0.000468165,0.00234082,-0.00150115,0.00484988,-0.02287,0.0165919
55208.484350,0.00093633,0.00224719,0.00381062,0.00496536,0.000896861,0.0174888
55209.498445,0.00280899,0.00234082,0.00404157,0.00473441,0.00134529,0.0170404
55210.512510,0.00280899,0.00234082,0.010739,0.00508083,0.00717489,0.0170404
55211.494885,0.00411985,0.00234082,0.00381062,0.00496536,-0.0103139,0.0174888
55212.477230,0.00477528,0.00234082,0.00715935,0.00496536,-0.0107623,0.0174888
55213.491235,0.00393258,0.00234082,0.00254042,0.00496536,0.00403587,0.0174888
55214.505240,0.00262172,0.00252809,0.00935335,0.00531178,-0.00224215,0.0188341
55215.519215,0.00224719,0.00243446,0.00369515,0.0051963,-0.000896861,0.0183857
55216.564855,0.000749064,0.00252809,-0.00230947,0.0051963,-0.00224215,0.0197309
55217.483840,0.00402622,0.00252809,0.000808314,0.00542725,0.0143498,0.0201794
55218.561470,0.000374532,0.00224719,0.00034642,0.00496536,-0.00762332,0.0183857
55219.480730,0.00177903,0.00262172,-0.00796767,0.00542725,-0.0103139,0.0201794
55220.495215,-0.00243446,0.00271536,-0.00635104,0.00577367,-0.0139013,0.0215247
55221.415280,0,0.00262172,0.0017321,0.00612009,-0.0058296,0.02287
55222.335415,0.00299625,0.00355805,0,0.00727483,-0.0139013,0.0278027
55223.255545,-0.000280899,0.00327715,0.00554273,0.0073903,-0.0192825,0.0278027
55224.207360,-0.00131086,0.00411985,0.00658199,0.00923788,-0.00493274,0.0336323
55225.159095,-0.00280899,0.00393258,-0.0017321,0.0095843,0.0300448,0.0367713
55227.157640,-0.00187266,0.00411985,0.00577367,0.00854503,-0.0282511,0.032287
55228.521625,0.00365169,0.00411985,0.0115473,0.0091224,-0.0506726,0.0336323
55229.124315,0.00692884,0.00646067,-0.00461894,0.0120092,-0.026009,0.0430493
55230.488200,0,0.00486891,0.00819861,0.0118938,-0.0632287,0.0399103
55231.503155,0.0147004,0.0153558,0.0185912,0.0318707,-0.0762332,0.125561
55232.517855,-0.00093633,0.00702247,0.0182448,0.0158199,-0.0224215,0.0542601
55233.500790,9.3633e-05,0.00552434,0.0225173,0.0117783,-0.00627803,0.0430493
55234.483830,0.00308989,0.00477528,0.0095843,0.0100462,-0.00134529,0.035426
55235.498515,0.00177903,0.00468165,0.0039261,0.0103926,0.0367713,0.0372197
55236.513120,0.00674157,0.00477528,-0.00034642,0.0102771,0.0246637,0.0376682
55237.477465,0.00524345,0.00505618,-0.00681293,0.0106236,-0.00179372,0.0399103
55238.980590,-0.0118914,0.0093633,0.0108545,0.0325635,-0.0659193,0.0856502
55239.297695,0.00421348,0.00589888,-0.000577367,0.0118938,-0.0255605,0.0408072
55241.769795,-0.00093633,0.00571161,-0.0095843,0.00946882,-0.0282511,0.0390135
55242.593580,0.00159176,0.00337079,-0.00230947,0.00646651,0.0143498,0.0246637
55243.543955,0.00299625,0.00308989,0.00311778,0.0056582,-0.00986547,0.0201794
55244.430835,0.000561798,0.00318352,0.00288684,0.00658199,0,0.0219731
55245.286235,-0.00149813,0.00430712,-0.00842956,0.00750577,0.058296,0.0318386
55246.236515,0.000187266,0.00440075,0.0114319,0.00993072,0.0300448,0.0345291
55247.479125,0.00346442,0.00243446,0.00265589,0.00461894,0.00134529,0.0165919
55248.492975,0.00468165,0.00234082,0.00161663,0.00438799,-0.00493274,0.0156951
55249.508095,-0.000374532,0.00215356,-0.00542725,0.00438799,-0.0121076,0.0156951
55250.523335,0.00355805,0.00215356,0.000923788,0.00450346,-0.0192825,0.0143498
55251.506910,0.00149813,0.00234082,0.00669746,0.00461894,0.00672646,0.0156951
55252.458880,0.00308989,0.00252809,0.00207852,0.00484988,-0.0121076,0.0165919
55253.506135,0.00243446,0.00224719,0.0101617,0.00496536,0.0044843,0.0165919
55254.521740,0.00421348,0.00252809,-0.00115473,0.00484988,-0.00269058,0.0165919
55255.505715,0.000280899,0.00234082,-0.00207852,0.00484988,-0.0179372,0.0165919
55256.489750,0.00402622,0.00243446,0.00311778,0.00473441,0.0165919,0.0170404
55257.505635,-9.3633e-05,0.00280899,0.00461894,0.00542725,0.00044843,0.0183857
55258.521555,0.00290262,0.00243446,-0.000808314,0.00508083,-0.00627803,0.0179372
55259.505800,-0.00131086,0.00290262,-0.00034642,0.00542725,-0.00224215,0.0206278
55260.490070,0.00121723,0.00262172,0.00404157,0.0051963,-0.0116592,0.0174888
55261.506135,0.00402622,0.00280899,0.000461894,0.0051963,0.00986547,0.0192825
55262.275680,0.00252809,0.00861423,-0.00438799,0.0225173,-0.00986547,0.0852018
55263.506555,0.00552434,0.00393258,0.00127021,0.00750577,0.000896861,0.0300448
55264.490930,-0.000655431,0.00262172,0.00554273,0.00542725,0.00403587,0.0192825
55265.507055,-0.000561798,0.00243446,0.00300231,0.00508083,0.00358744,0.0192825
55266.523180,0.00224719,0.00243446,0.0039261,0.00531178,-0.0143498,0.0192825
55267.507585,-0.00140449,0.00252809,0.00669746,0.00542725,-0.0152466,0.0201794
55268.491975,0.000187266,0.00224719,-0.00161663,0.00461894,-0.0264574,0.0170404
55269.508100,0.00355805,0.00234082,-0.00450346,0.00473441,-0.0112108,0.0165919
55270.492565,0.00224719,0.00234082,-0.00715935,0.00496536,0.0116592,0.0183857
55271.476960,0.00402622,0.00224719,0.00254042,0.00473441,0.00044843,0.0174888
55272.493070,0.00252809,0.00234082,-0.00588915,0.00438799,-0.0224215,0.0161435
55273.509050,0.00168539,0.00234082,0.00785219,0.00484988,-0.0390135,0.0161435
55274.493270,0.000374532,0.00215356,0.00600462,0.00461894,0.00224215,0.0165919
55275.477590,0.00599251,0.00224719,0.00842956,0.00450346,0.00493274,0.0161435
55276.493645,0.00262172,0.00224719,0.0101617,0.00473441,0.00538117,0.0161435
55277.509685,0.0170412,0.00271536,0.0301386,0.00508083,0.0139013,0.0161435
55278.493970,0.0164794,0.00280899,0.0336028,0.00531178,0.0170404,0.0170404
55279.478340,0.0101124,0.00243446,0.0266744,0.00496536,0.0210762,0.0161435
55280.494645,0.0258427,0.00290262,0.045843,0.00531178,0.0278027,0.0161435
55281.510995,0.0237828,0.00290262,0.0460739,0.00531178,0.0363229,0.0165919
55282.495560,0.0250936,0.00299625,0.0598152,0.00577367,0.0748879,0.0179372
55283.480105,0.0325843,0.00327715,0.0654734,0.00600462,0.0852018,0.0183857
55284.496350,0.0410112,0.00346442,0.08903,0.00635104,0.0793722,0.0188341
55285.512580,0.0339888,0.00318352,0.0844111,0.00635104,0.0636771,0.0188341
55286.497025,0.0501873,0.00402622,0.101386,0.00727483,0.0565022,0.0210762
55287.481435,0.0559925,0.00383895,0.131062,0.00704388,0.11704,0.0201794
55288.497560,0.0555243,0.00374532,0.121478,0.00681293,0.0910314,0.0192825
55289.513640,0.043633,0.00355805,0.109815,0.00658199,0.0600897,0.0188341
55290.498070,0.0469101,0.00411985,0.121478,0.00808314,0.123767,0.0237668
55291.482470,0.0550562,0.00430712,0.154042,0.00808314,0.134978,0.0237668
55292.498410,0.0543071,0.00440075,0.120554,0.00819861,0.135426,0.0242152
55293.496215,0.0318352,0.00393258,0.0612009,0.00715935,0.0587444,0.0224215
55294.494065,0.0363296,0.00383895,0.0911085,0.00785219,0.0717489,0.0269058
55295.509990,0.0311798,0.00355805,0.0576212,0.00727483,0.0179372,0.0286996
55296.494070,0.0249064,0.00346442,0.0461894,0.00750577,0.0192825,0.0304933
55297.478080,0.0154494,0.00318352,0.0427252,0.0073903,0.0345291,0.0309417
55298.493740,0.0201311,0.00402622,0.0359122,0.0091224,0.0264574,0.0390135
55299.509400,0.00533708,0.00383895,0.0278291,0.0091224,0.0183857,0.041704
55300.493270,0.00692884,0.00440075,0.0150115,0.0110855,-0.026009,0.055157
55301.889615,0.00683521,0.0132959,-0.039261,0.0275982,-0.090583,0.156951
55302.492495,0.0114232,0.00365169,0.012933,0.00900693,-0.00807175,0.0426009
55303.494110,0.00627341,0.00374532,0.0167436,0.00808314,0.0336323,0.0358744
55304.812900,0.00655431,0.00543071,0.0169746,0.0105081,0.0134529,0.0412556
55305.828120,0.00758427,0.00617978,0.00623557,0.0116628,-0.0103139,0.0399103
55306.779840,0.0144195,0.00571161,0.00866051,0.0105081,0.0300448,0.038565
55307.763210,0.00543071,0.00505618,0.00438799,0.0112009,0.0233184,0.0434978
55308.746450,0.00833333,0.00477528,-0.00554273,0.00935335,-0.0318386,0.0336323
55309.729870,0.0161985,0.00692884,0.00623557,0.012933,0.0569507,0.0452915
55310.714070,0.00215356,0.00505618,0.0284065,0.01097,0.00269058,0.038565
55311.730025,0.00215356,0.00524345,0.00946882,0.0105081,-0.0730942,0.038565
55312.682360,0.00383895,0.00655431,0.021709,0.0136259,0.00403587,0.0578475
55313.729700,-0.000187266,0.00524345,-0.0140878,0.01097,-0.00179372,0.0443946
55314.713360,0.00945693,0.00411985,-0.000230947,0.00854503,-0.0224215,0.0304933
55315.728615,0.0110487,0.00355805,0.0161663,0.00715935,0.0143498,0.0273543
55316.489940,0.00440075,0.00271536,0.00427252,0.00588915,-0.0286996,0.0210762
55317.504855,0.00898876,0.00262172,0.0160508,0.00531178,-0.00627803,0.0188341
55318.519770,0.00589888,0.00262172,0.0116628,0.00531178,0.0273543,0.0197309
55319.503030,0.00533708,0.00252809,0.0170901,0.00531178,0.00179372,0.0183857
55320.486365,0.0122659,0.00280899,0.015127,0.00554273,-0.0143498,0.0188341
55321.501530,0.00973783,0.00262172,0.00623557,0.00531178,0.0044843,0.0188341
55322.072580,0.00599251,0.00683521,0.017552,0.0140878,0.0183857,0.0511211
55324.674520,0.00365169,0.00383895,0.00288684,0.00808314,-0.0242152,0.0282511
55325.499680,0.00720974,0.00299625,0.00773672,0.00577367,-0.00313901,0.0215247
55326.515320,0.00955056,0.00299625,0.00854503,0.0056582,0.00134529,0.0201794
55327.499275,0.00262172,0.00299625,0.00889145,0.00623557,-0.0152466,0.0206278
55328.483280,0.00140449,0.00271536,0.00357968,0.00542725,-0.00807175,0.0192825
55329.499090,0.000468165,0.00243446,0.00762125,0.00484988,0.0224215,0.0188341
55330.648880,0.00365169,0.00252809,0.00207852,0.00484988,-0.00672646,0.0179372
55331.625985,0.00411985,0.00280899,0.002194,0.00508083,-0.00538117,0.0188341
55332.395065,-0.00102996,0.00496255,-0.0056582,0.00969977,0.00538117,0.0372197
55336.304420,0.0114232,0.00889513,0.041224,0.0188222,-0.0367713,0.0663677
55337.288650,-0.000561798,0.010206,0.00161663,0.0167436,-0.0636771,0.0784753
55338.272910,0.00664794,0.00889513,0.0225173,0.0162818,-0.0874439,0.0600897
55339.505255,0.000468165,0.00346442,0.00427252,0.00692841,-0.0058296,0.0278027
55340.515305,0.000561798,0.00224719,0.002194,0.00473441,-0.00807175,0.0183857
55341.467760,0.000280899,0.00215356,0.00357968,0.00450346,0.0139013,0.0174888
55342.451860,-0.00243446,0.00234082,0.00034642,0.00496536,0.00358744,0.0201794
55343.467610,-0.00187266,0.00215356,0.0051963,0.00450346,0,0.0174888
55344.483330,0.00205993,0.00196629,-0.00138568,0.0039261,-0.00134529,0.0156951
55345.498925,0.000468165,0.00196629,0.00588915,0.0039261,-0.0165919,0.0147982
55346.514445,-0.0011236,0.00205993,-0.000115473,0.00415704,-0.0174888,0.0156951
55347.498245,0.00318352,0.00224719,0.00473441,0.00427252,0.00627803,0.0165919
55348.482240,-0.00177903,0.00205993,0.00692841,0.00415704,-0.0197309,0.0165919
55349.497615,0.00393258,0.00215356,0.00254042,0.0039261,0.0125561,0.0156951
55350.513170,-0.000561798,0.00215356,0.0073903,0.00438799,-0.0147982,0.0161435
55351.496930,0.000655431,0.00196629,-0.00254042,0.00415704,-0.00313901,0.0156951
55352.258880,0.00486891,0.00271536,0.00150115,0.0051963,-0.00358744,0.0192825
55353.689270,-0.0011236,0.00243446,0.0056582,0.0051963,-0.00807175,0.0197309
55354.514030,0.000374532,0.00196629,0.000808314,0.00404157,0.00224215,0.0161435
55355.499685,-0.00252809,0.00205993,0.00415704,0.00438799,-0.0224215,0.0179372
55356.487390,0.00224719,0.00215356,0.00842956,0.00427252,-0.0156951,0.0170404
55357.505125,0.0011236,0.00205993,-0.00034642,0.00404157,-0.0174888,0.0161435
55358.522830,0.00262172,0.00224719,-0.00288684,0.00461894,0.0197309,0.0188341
55359.508715,0.00215356,0.00205993,0.00773672,0.00461894,-0.00179372,0.0179372
55360.494585,-0.000374532,0.00215356,0.00404157,0.00473441,0.00358744,0.0188341
55361.512230,-0.000842697,0.00205993,-0.00034642,0.00473441,0.00403587,0.0192825
55362.498045,0.00458801,0.00252809,0.00669746,0.00577367,-0.0452915,0.0224215
55363.483830,0.00243446,0.00252809,0.00692841,0.0051963,-0.00672646,0.0215247
55364.501360,0.00205993,0.00355805,-0.00184758,0.00773672,0.0112108,0.0327354
55365.805115,0.00290262,0.00337079,0.00484988,0.00715935,0.0390135,0.0336323
55366.790805,0.00814607,0.00411985,-0.00277136,0.00808314,0.0206278,0.0349776
55367.776510,0,0.00365169,0.00323326,0.00808314,0.00403587,0.0345291
55368.762170,0.00505618,0.00383895,-0.00288684,0.00889145,-0.0695067,0.0372197
55369.716015,-0.000655431,0.00496255,-0.00496536,0.0105081,-0.00179372,0.0475336
55370.733375,0.00383895,0.00477528,-0.00242494,0.00900693,0.0304933,0.0376682
55371.687315,-0.00365169,0.00524345,0.0095843,0.0125866,0.00179372,0.0569507
55374.643565,-0.00318352,0.00655431,0.00531178,0.0142032,-0.0704036,0.0533632
55375.658540,-0.00252809,0.00430712,0.000923788,0.00842956,-0.00493274,0.0340807
55376.613890,-0.000468165,0.00477528,0.00866051,0.0112009,0.0152466,0.0439462
55377.599035,-9.3633e-05,0.00477528,0.00230947,0.0103926,0.00269058,0.0390135
55378.584155,-0.00280899,0.00543071,0.00196305,0.01097,-0.0058296,0.044843
55379.537415,0.00477528,0.00533708,-0.0132794,0.01097,-0.0161435,0.0426009
55380.522390,-0.00102996,0.00440075,0.000808314,0.0100462,-0.0439462,0.0367713
55381.507195,-0.00430712,0.00543071,0.0136259,0.0115473,-0.0147982,0.0439462
55382.523800,0.00496255,0.00402622,0.00323326,0.00889145,-0.0183857,0.0336323
55383.508415,-0.00318352,0.00430712,0.0137413,0.0103926,-0.0412556,0.0363229
55384.619930,-0.00355805,0.00355805,-0.00230947,0.00796767,0.0147982,0.029148
55385.636025,-0.000655431,0.00271536,-0.00184758,0.00612009,-0.0058296,0.02287
55386.239300,-0.00280899,0.00440075,-0.00300231,0.0100462,-0.0103139,0.0363229
55389.731215,0.00205993,0.00308989,0.00415704,0.00681293,-0.0367713,0.0242152
55390.493130,0.00421348,0.00234082,-0.00034642,0.00484988,-0.0174888,0.0170404
55391.509050,0.00243446,0.00234082,-0.00115473,0.00496536,0.0058296,0.0179372
55392.493340,-9.3633e-05,0.00234082,-0.00196305,0.0051963,-0.0242152,0.0183857
55393.477935,0.00299625,0.00252809,-0.00508083,0.00508083,-0.0224215,0.0188341
55394.558410,0.00271536,0.00252809,0.00473441,0.00531178,0.00403587,0.0192825
55395.543800,0.000187266,0.00271536,0.00323326,0.00577367,0.00403587,0.0206278
55396.561155,0.00383895,0.00271536,0.00461894,0.0056582,0.0170404,0.0206278
55397.514945,0.00299625,0.00271536,-0.00150115,0.00577367,0.00358744,0.0210762
55398.532380,0.00093633,0.00290262,-0.00161663,0.0056582,0,0.0206278
55399.486305,0.00318352,0.00271536,0.00277136,0.00554273,-0.0107623,0.0201794
55400.447395,-0.00102996,0.00262172,0.00115473,0.00577367,-0.0192825,0.0206278
55401.457860,-0.00252809,0.00271536,0.00484988,0.0056582,-0.0183857,0.0197309
55402.419045,0.00131086,0.00290262,-0.00207852,0.00577367,0.00403587,0.0210762
55403.429525,0.00149813,0.00280899,0.0121247,0.00588915,-0.0112108,0.0197309
55404.358970,-0.00280899,0.00617978,-0.00161663,0.0142032,-0.00269058,0.0542601
55405.408590,-0.000561798,0.0071161,0.0114319,0.0145497,-0.0139013,0.0556054
55406.514545,0.000655431,0.00262172,0.00635104,0.00542725,0.00044843,0.0197309
55407.373290,-0.00131086,0.00299625,0.00796767,0.00658199,-0.0121076,0.0233184
55408.486485,0.00234082,0.00234082,-0.00127021,0.0051963,-0.0143498,0.0201794
55409.504270,0.00177903,0.00234082,0.00727483,0.00508083,-0.0327354,0.0197309
55410.522045,0.000655431,0.00224719,0.00150115,0.00484988,-0.0210762,0.0188341
55411.508025,0.00121723,0.00234082,0.000808314,0.00496536,0,0.0192825
55412.494035,0.00318352,0.00234082,0.00981524,0.00496536,-0.00134529,0.0183857
55413.511840,0.00926966,0.00262172,0.0323326,0.00542725,-0.00134529,0.0179372
55414.497825,0.0279963,0.00318352,0.0566975,0.00588915,0.0493274,0.0188341
55415.483810,0.0299625,0.00299625,0.0696305,0.00577367,0.0349776,0.0179372
55416.501605,0.0383895,0.00327715,0.102771,0.00623557,0.0865471,0.0188341
55417.519380,0.068633,0.00383895,0.176097,0.0073903,0.17713,0.0201794
55418.505340,0.132491,0.00514981,0.332102,0.00935335,0.30852,0.0237668
55419.491290,0.165356,0.00543071,0.474827,0.0102771,0.564126,0.026009
55420.477240,0.179213,0.00589888,0.519169,0.0110855,0.558296,0.0273543
55421.494970,0.195412,0.00599251,0.581062,0.0116628,0.682063,0.029148
55422.480895,0.253745,0.00655431,0.725058,0.0123557,0.75157,0.029148
55423.498610,0.28867,0.00702247,0.780831,0.012933,0.868161,0.0309417
55424.516295,0.2603,0.00692884,0.81709,0.0135104,1.0278,0.0331839
55425.502165,0.234925,0.00720974,0.648845,0.0133949,0.747534,0.0327354
55426.487940,0.29382,0.0071161,0.797921,0.0132794,0.865471,0.0318386
55427.505850,0.279401,0.00720974,0.775058,0.0135104,0.878027,0.0331839
55428.492170,0.205712,0.00655431,0.5194,0.0118938,0.570404,0.0295964
55429.478470,0.186798,0.00608614,0.564088,0.0117783,0.608072,0.0295964
55430.496535,0.184831,0.00617978,0.451963,0.0113164,0.447982,0.0282511
55431.514595,0.136798,0.00599251,0.361201,0.0112009,0.344843,0.0286996
55432.500800,0.13427,0.00617978,0.316628,0.0110855,0.240807,0.0286996
55433.486980,0.0805243,0.00505618,0.230485,0.00993072,0.259641,0.029148
55434.409510,0.102996,0.00720974,0.188915,0.0118938,0.18296,0.0345291
55435.650085,0.0251873,0.00486891,0.0983834,0.0105081,0.0641256,0.0345291
55436.604355,0.058427,0.00692884,0.0916859,0.0122402,0.0125561,0.0381166
55437.590405,0.0224719,0.00486891,0.0421478,0.00969977,0.0345291,0.0358744
55438.576400,0.00964419,0.00477528,0.026097,0.0108545,0.0215247,0.0408072
55439.530445,0.00383895,0.00449438,0.0174365,0.0101617,-0.0156951,0.044843
55440.548265,0.00159176,0.00496255,0.0155889,0.01097,0.0295964,0.0430493
55441.502365,0.0120787,0.00580524,0.0142032,0.0115473,0.0654709,0.044843
55443.474025,0.0135768,0.00617978,-0.0123557,0.0116628,-0.0300448,0.0452915
55444.459795,0.00533708,0.00599251,0.00600462,0.0117783,0.0573991,0.0452915
55445.445475,0.000561798,0.00477528,0.0234411,0.0117783,-0.0179372,0.0376682
55446.431130,0.00355805,0.00571161,0.00727483,0.0110855,0.044843,0.044843
55447.384910,0.00224719,0.00533708,0.0073903,0.0114319,0.00179372,0.0443946
55448.370405,0.00224719,0.00524345,0.00981524,0.010739,0.0372197,0.0403587
55449.387615,0.00833333,0.00533708,0.0103926,0.0102771,0.0210762,0.0376682
55450.341155,0.000468165,0.00468165,0.0159353,0.0106236,0.000896861,0.0381166
55451.357970,0.00177903,0.00440075,0.0244804,0.0105081,-0.00717489,0.0381166
55452.343275,0.000842697,0.00411985,0.00138568,0.00889145,-0.0139013,0.0331839
55454.344835,0.00234082,0.00730337,0.023903,0.017552,-0.0825112,0.0573991
55456.537460,0.00393258,0.00252809,-0.00127021,0.00542725,-0.0201794,0.0206278
55457.522350,0.00271536,0.00243446,0.0039261,0.0051963,-0.0219731,0.0183857
55458.475405,0.00205993,0.00234082,0.0051963,0.0051963,-0.0242152,0.0183857
55459.491975,9.3633e-05,0.00234082,0.00427252,0.00496536,-0.00269058,0.0174888
55460.476800,0.00308989,0.00224719,0.00450346,0.00496536,-0.0215247,0.0179372
55461.461685,9.3633e-05,0.00234082,0.00669746,0.00508083,-0.0269058,0.0179372
55462.446685,0.00636704,0.00262172,-0.00658199,0.00508083,-0.0255605,0.0183857
55463.433765,0.00215356,0.00299625,0.00415704,0.00600462,0.00044843,0.0215247
55464.480350,-0.000749064,0.00290262,-0.00196305,0.00612009,0.0058296,0.0215247
55465.370175,-0.00177903,0.00280899,-0.000577367,0.00588915,0.0219731,0.0215247
55466.394295,0.00093633,0.00280899,-0.00311778,0.00554273,-0.0161435,0.0201794
55467.506925,0.000374532,0.00252809,0.00300231,0.0051963,0.0165919,0.0192825
55468.517160,0.00149813,0.00262172,-0.00265589,0.0051963,-0.0174888,0.0192825
55469.485035,0.00468165,0.00271536,0.0121247,0.0051963,-0.0264574,0.0192825
55470.495345,0.00355805,0.00252809,-0.00415704,0.00531178,-0.00044843,0.0197309
55471.512745,0.00421348,0.00252809,0.00311778,0.00508083,0.00986547,0.0192825
55472.523040,-0.000655431,0.00290262,-0.00184758,0.00646651,0.000896861,0.026009
55473.491205,0.00215356,0.00327715,0.0039261,0.00785219,0.00044843,0.0309417
55474.501535,0.000655431,0.00346442,-0.00438799,0.00692841,0.00538117,0.0269058
55475.511815,-0.00589888,0.00889513,0.00531178,0.0203233,0.0134529,0.0721973
55476.497460,-0.000749064,0.00308989,0.00542725,0.00635104,-0.0286996,0.0233184
55477.483270,0.000468165,0.00290262,-0.00207852,0.0056582,-0.00403587,0.0197309
55478.444275,-0.000468165,0.00290262,0.00207852,0.00623557,-0.029148,0.0246637
55479.518385,0.00224719,0.00234082,-0.000230947,0.0051963,-0.0103139,0.0206278
55480.504125,0.00224719,0.00234082,0.00542725,0.0051963,0.0408072,0.0201794
55481.235420,0.000280899,0.00290262,0.010739,0.00635104,-0.00493274,0.0242152
55482.698075,-0.00131086,0.00290262,0.0114319,0.00646651,-0.029148,0.02287
55483.492945,0.00468165,0.00271536,-0.00138568,0.0056582,-0.02287,0.0206278
55484.478890,0.000468165,0.00224719,0.00277136,0.00461894,-0.00941704,0.0170404
55485.496130,-0.000280899,0.00205993,-0.00103926,0.00450346,0.00538117,0.0170404
55486.513600,0.000468165,0.00205993,0.00242494,0.00450346,0.00224215,0.0165919
55487.499255,-0.000749064,0.00205993,0.00150115,0.00473441,-0.00896861,0.0170404
55488.484910,0.000749064,0.00290262,-0.0133949,0.00623557,-0.0201794,0.02287
55489.502365,0.00177903,0.00346442,0.00669746,0.00692841,-0.0152466,0.0242152
55490.519955,-0.00102996,0.00337079,-0.00831409,0.00692841,-0.00762332,0.0246637
55491.505785,-0.00252809,0.00374532,0.00404157,0.00796767,0.00044843,0.0273543
55492.427895,0.00140449,0.00290262,0.0039261,0.00635104,0.0121076,0.02287
55493.540895,-0.0011236,0.00234082,-0.00115473,0.00496536,-0.00403587,0.0183857
55494.494935,-0.000187266,0.00224719,0.00103926,0.00484988,-0.00313901,0.0183857
55495.480790,-0.000842697,0.00215356,0.00127021,0.00484988,0.0044843,0.0183857
55496.498365,0.000655431,0.00224719,0.00381062,0.00484988,-0.0331839,0.0179372
55497.515955,0.00262172,0.00234082,0.00207852,0.00496536,-0.0237668,0.0188341
55498.501720,0.00299625,0.00252809,0.0123557,0.0056582,-0.0278027,0.0206278
55499.487300,0.00149813,0.00234082,0.00161663,0.0051963,-0.0309417,0.0197309
55500.504655,9.3633e-05,0.00243446,0.000692841,0.00531178,-0.0273543,0.0192825
55501.522100,0.00505618,0.00234082,0.00381062,0.00531178,-0.0304933,0.0201794
55502.634870,-0.000374532,0.00262172,0.0105081,0.00612009,-0.032287,0.0233184
55503.620400,-0.000561798,0.00252809,0.00196305,0.00577367,-0.0264574,0.0233184
55504.510565,-0.00215356,0.00346442,0.00461894,0.00808314,0.0156951,0.0318386
55505.464240,0.00411985,0.00346442,-0.00357968,0.00762125,0.0192825,0.0309417
55506.449660,0.00411985,0.00393258,-0.00866051,0.00831409,0.026009,0.0340807
55507.403240,-0.00093633,0.00374532,0.00635104,0.00889145,-0.0112108,0.0336323
55508.388570,0.00346442,0.00468165,-0.00277136,0.0100462,0,0.0434978
55509.373825,0.00252809,0.00393258,0.00819861,0.00935335,-0.02287,0.0367713
55510.359035,0.00486891,0.00505618,-0.000577367,0.0106236,-0.0112108,0.0430493
55511.312415,-0.000842697,0.00468165,0.00969977,0.0103926,0.032287,0.0372197
55512.329265,-0.00533708,0.00646067,0.00773672,0.0190531,-0.0721973,0.0641256
55513.346090,-0.0256554,0.0177903,0.0400693,0.0444573,0.189686,0.179372
55514.299260,0.000468165,0.00421348,0.0146651,0.0108545,0.0309417,0.0421525
55515.284145,0.00477528,0.00655431,0.000461894,0.0130485,0.0363229,0.0497758
55516.237270,0.00093633,0.00543071,0.0152425,0.0122402,-0.032287,0.0439462
55517.222060,0.011985,0.0071161,0.0317552,0.0145497,-0.026009,0.0529148
55518.206780,0.00674157,0.00543071,-0.0034642,0.0106236,-0.0255605,0.0434978
55519.191405,0.00421348,0.00552434,0.00981524,0.0110855,0.0327354,0.038565
55520.175965,0.00215356,0.00589888,0.00762125,0.0115473,0.0116592,0.0452915
55521.160420,-0.000561798,0.00468165,0.0073903,0.0102771,-0.0103139,0.0381166
55522.144755,0.00561798,0.00411985,0.0121247,0.0091224,-0.00762332,0.0336323
55523.509940,0.00093633,0.00411985,-0.00577367,0.00808314,-0.0044843,0.0318386
55524.176610,-0.00149813,0.00393258,-0.00242494,0.0091224,-0.0237668,0.035426
55525.255875,-0.000468165,0.00346442,-0.00473441,0.00750577,0.00269058,0.0286996
55526.525230,0.00337079,0.00252809,-0.0034642,0.00531178,-0.0161435,0.0219731
55527.509935,-0.00093633,0.00215356,-0.000923788,0.00473441,0.0121076,0.0188341
55528.493920,0.00318352,0.00234082,-0.0039261,0.00473441,-0.00896861,0.0192825
55529.477810,0.00159176,0.00224719,-0.00196305,0.00427252,0.00807175,0.0170404
55530.239570,-0.00093633,0.00318352,0.00646651,0.00635104,-0.0197309,0.02287
55533.667765,-0.00449438,0.00280899,0.00554273,0.00635104,-0.00179372,0.0237668
55534.493260,0.000374532,0.00234082,0.00265589,0.00496536,0.0286996,0.0179372
55535.509295,0.00215356,0.00252809,0.00508083,0.00461894,-0.00179372,0.0174888
55536.493655,0.00486891,0.00271536,0.0198614,0.00542725,-0.00403587,0.0197309
55537.478075,0.00440075,0.00234082,0.0122402,0.00450346,0.00269058,0.0165919
55538.494315,0.00749064,0.00290262,0.0172055,0.00531178,-0.00717489,0.0188341
55539.510605,0.00599251,0.00280899,0.0252887,0.00531178,0.0264574,0.0179372
55540.495195,0.00889513,0.00308989,0.0165127,0.00554273,0.0255605,0.0188341
55541.479795,0.0319288,0.00383895,0.0803695,0.00692841,0.0757848,0.0206278
55542.496205,0.0270599,0.00411985,0.0963048,0.00796767,0.0632287,0.0215247
55543.512605,0.0462547,0.00486891,0.091224,0.00831409,0.102242,0.02287
55544.465485,0.0464419,0.00580524,0.104042,0.0100462,0.055157,0.0286996
55545.362055,0.0146067,0.00926966,0.0568129,0.0199769,0.0538117,0.0672646
55546.498360,0.0493446,0.0076779,0.101386,0.0133949,0.0560538,0.0426009
55547.514695,0.0405431,0.00477528,0.0844111,0.00819861,0.0520179,0.0242152
55548.499330,0.0661049,0.00505618,0.153695,0.00969977,0.154709,0.0282511
55549.484060,0.0715356,0.00421348,0.179099,0.00796767,0.167265,0.0242152
55550.500500,0.0631086,0.00411985,0.185566,0.00819861,0.169507,0.0237668
55551.516910,0.103371,0.00468165,0.267898,0.00866051,0.265919,0.0237668
55552.501735,0.142041,0.00552434,0.40843,0.0105081,0.421973,0.0269058
55553.487005,0.169663,0.00646067,0.523441,0.0127021,0.619731,0.0327354
55554.504400,0.142416,0.00533708,0.474827,0.010739,0.557399,0.0278027
55555.490005,0.190449,0.00608614,0.526328,0.0114319,0.573991,0.0286996
55556.507405,0.162172,0.00580524,0.532333,0.0114319,0.59417,0.0282511
55557.493010,0.181742,0.00571161,0.472517,0.0101617,0.479821,0.0251121
55558.510410,0.158614,0.00524345,0.453926,0.00993072,0.497309,0.0251121
55559.496055,0.115356,0.00477528,0.302079,0.00889145,0.312556,0.0233184
55560.481620,0.116105,0.00468165,0.280947,0.00842956,0.318834,0.02287
55561.498945,0.0632959,0.00365169,0.193187,0.00727483,0.157399,0.0201794
55562.516285,0.0754682,0.00402622,0.193187,0.00750577,0.229148,0.0215247
55563.501805,0.0290262,0.00318352,0.095612,0.00658199,0.0825112,0.0197309
55564.487300,0.0246255,0.00280899,0.0564665,0.00554273,0.0300448,0.0183857
55565.504570,0.00786517,0.00243446,0.0271363,0.00531178,0.0237668,0.0188341
55566.362880,0.0114232,0.00374532,0.0212471,0.00727483,0.00358744,0.026009
55567.507315,0.00983146,0.00308989,-0.00207852,0.00623557,0.00313901,0.0233184
55568.492715,0.0011236,0.00280899,0.00577367,0.00600462,-0.00852018,0.0233184
55569.509885,0.00355805,0.00280899,0.00542725,0.00600462,-0.0215247,0.0224215
55570.558815,0.00777154,0.00299625,0.00681293,0.00635104,0.0116592,0.0233184
55571.417005,0.00561798,0.00308989,0.00427252,0.00646651,0.0121076,0.0242152
55572.497645,-0.000280899,0.00290262,0.0167436,0.00646651,0.00493274,0.0251121
55573.419345,0.00234082,0.00355805,0.0105081,0.0073903,0.00762332,0.0278027
55574.309295,0.00533708,0.00411985,0.0127021,0.00854503,-0.0121076,0.0309417
55575.294910,0.00346442,0.00411985,-0.00034642,0.00877598,-0.0152466,0.0345291
55576.248800,0.00337079,0.00355805,0.00242494,0.00762125,-0.0179372,0.0304933
55577.202665,0.00664794,0.00458801,-0.00404157,0.0091224,0.00044843,0.038565
55578.188435,0.00898876,0.00402622,0.0158199,0.00889145,-0.0165919,0.035426
55579.174040,0.0115169,0.00486891,0.0181293,0.01097,-0.0304933,0.041704
55580.159555,0.00299625,0.00374532,-0.000692841,0.0091224,0.0219731,0.0394619
55581.144890,0.00337079,0.00561798,0.000461894,0.0103926,0.0336323,0.0403587
55582.098575,0.00496255,0.00505618,0.000692841,0.0101617,-0.0556054,0.0367713
55583.974120,-0.00262172,0.0108614,-0.0095843,0.0254042,-0.0147982,0.096861
55584.514555,-0.00365169,0.00411985,0.00866051,0.0106236,0.00852018,0.041704
55585.483910,-0.00271536,0.00692884,0.00819861,0.0133949,0.0233184,0.0569507
55586.485400,0.00683521,0.00561798,0.0138568,0.0102771,-0.000896861,0.0363229
55587.502430,0.00262172,0.00458801,0.00612009,0.0095843,-0.0363229,0.0358744
55588.519510,0.00327715,0.00411985,0.0154734,0.0102771,0.0116592,0.0403587
55589.504865,0.00552434,0.00514981,0.013164,0.0112009,-0.0174888,0.0426009
55590.489860,0.0132959,0.00627341,0.00369515,0.0116628,-0.00044843,0.041704
55591.506520,0.0113296,0.00552434,0.0123557,0.0105081,0.0304933,0.0403587
55592.522940,0.00299625,0.00449438,-0.00438799,0.00969977,-0.0493274,0.0376682
55593.507630,-0.00149813,0.00449438,0.00993072,0.00969977,-0.00044843,0.038565
55594.492205,0.00683521,0.00449438,-0.00254042,0.00866051,-0.0197309,0.0318386
55595.508420,0.00514981,0.00421348,0.00623557,0.00877598,0.0313901,0.0349776
55596.143490,0.0108614,0.00543071,0.00150115,0.0115473,-0.000896861,0.0421525
55598.842105,0.00262172,0.00411985,-0.00900693,0.00935335,0.00179372,0.0340807
55599.508705,0.00280899,0.00224719,0.00969977,0.00508083,0.0103139,0.0188341
55600.524165,0.00196629,0.00262172,0.00230947,0.00531178,-0.00672646,0.0201794
55601.508520,0,0.00215356,-0.00207852,0.00473441,0.0161435,0.0174888
55602.492595,0.00505618,0.00234082,0.0101617,0.00484988,-0.0358744,0.0170404
55603.508800,0.000374532,0.00234082,0.00704388,0.00496536,-0.0201794,0.0170404
55604.493260,0.00271536,0.00252809,0.00508083,0.00508083,-0.0112108,0.0183857
55605.477835,-0.000655431,0.00234082,0.0051963,0.00508083,-0.00224215,0.0188341
55606.494210,0.000468165,0.00243446,-0.000923788,0.0051963,0.000896861,0.0192825
55607.510705,0.00496255,0.00243446,0.00473441,0.00496536,-0.038565,0.0183857
55608.495520,-0.000374532,0.00262172,0.00842956,0.00588915,0.0139013,0.0206278
55609.480260,-0.00102996,0.00262172,0.00242494,0.00542725,-0.00852018,0.0188341
55610.496745,-0.000749064,0.00271536,0.00381062,0.00531178,-0.0242152,0.0197309
55611.513265,0.00252809,0.00252809,0.00034642,0.00496536,-0.0390135,0.0188341
55612.498215,0.00430712,0.00271536,-0.00184758,0.00531178,-0.0103139,0.0197309
55613.483190,0.00196629,0.00262172,-0.002194,0.00508083,0.0206278,0.0197309
55614.499980,-0.00187266,0.00243446,-0.00242494,0.00554273,-0.0044843,0.0201794
55615.326130,-0.00102996,0.00571161,0.0152425,0.0142032,-0.00179372,0.0547085
55616.597500,0.0105805,0.00983146,-0.002194,0.0176674,-0.0278027,0.0726457
55617.709350,-0.00102996,0.00421348,-0.00415704,0.00946882,-0.00044843,0.0390135
55618.428635,0.00196629,0.00280899,0.00277136,0.00600462,-0.0278027,0.02287
55621.679040,0.00486891,0.0082397,0.0303695,0.0285219,0.0959641,0.11435
55622.696060,0.0100187,0.0155431,-0.0017321,0.0255196,0.0838565,0.0955157
55623.681315,0.007397,0.0116105,0.0204388,0.026097,-0.0753363,0.108072
55624.730520,-0.00205993,0.00805243,-0.017321,0.0178984,0.0865471,0.0820628
55625.684280,0.00524345,0.00636704,-0.00184758,0.0143187,-0.0479821,0.0641256
55626.701610,-0.00477528,0.00683521,-0.00438799,0.0146651,0.000896861,0.0609865
55627.722460,0.00280899,0.00337079,0.000923788,0.00727483,-0.0147982,0.0278027
55628.485200,-0.000280899,0.00243446,0.000808314,0.00508083,-0.00269058,0.0188341
55629.502440,-0.000749064,0.00243446,0.000577367,0.00531178,-0.0206278,0.0192825
55630.519795,-0.000561798,0.00234082,0.00473441,0.00542725,0.00044843,0.0188341
55631.505385,9.3633e-05,0.00252809,-0.00381062,0.00542725,-0.0134529,0.0206278
55632.490730,-0.0011236,0.00252809,-0.00381062,0.00531178,0.0179372,0.0201794
55633.507820,0.00121723,0.00234082,0.00600462,0.00542725,-0.00134529,0.0201794
55634.461305,0.00234082,0.00262172,0.00715935,0.00577367,-0.00493274,0.0210762
55635.446545,0.00187266,0.00262172,0.00103926,0.00554273,0.00538117,0.0206278
55636.431655,0.000561798,0.00280899,0.00496536,0.00623557,-0.00224215,0.0224215
55637.448520,0.000561798,0.00262172,-0.00034642,0.00577367,-0.00538117,0.0224215
55638.433885,9.3633e-05,0.00280899,0.00230947,0.00600462,-0.0210762,0.0224215
55639.419715,-0.000280899,0.00262172,-0.00323326,0.00577367,0.00852018,0.0224215
55640.501015,-0.000842697,0.00262172,0.0017321,0.0056582,-0.0242152,0.02287
55641.518665,-0.00168539,0.00271536,0.002194,0.00623557,-0.0134529,0.0237668
55642.504475,0.000561798,0.00299625,-0.00461894,0.00635104,0.0215247,0.0251121
55643.490255,0.00140449,0.00308989,-0.00508083,0.00658199,-0.0206278,0.026009
55644.507765,0.00102996,0.00290262,-0.002194,0.00692841,-0.0215247,0.0269058
55645.493415,-0.00543071,0.00365169,0.00138568,0.0091224,0.0152466,0.0372197
55646.479025,-0.000374532,0.00374532,-0.00427252,0.00796767,-0.0112108,0.0318386
55647.496360,-0.00177903,0.00393258,-0.00300231,0.00935335,-0.00134529,0.038565
55648.513540,0.000561798,0.00402622,0.00196305,0.00993072,-0.0251121,0.038565
55649.498745,0.00121723,0.00468165,-0.00300231,0.0112009,0.0282511,0.0497758
55650.484165,0.00168539,0.00430712,0.0123557,0.00969977,-0.0116592,0.0349776
55651.501235,0.00580524,0.00468165,-0.00415704,0.00993072,0.0210762,0.0408072
55652.041480,-0.00524345,0.011236,0.0266744,0.0257506,0.174888,0.108969
55653.884730,0.00411985,0.00561798,-0.00404157,0.0105081,-0.0847534,0.0390135
55654.488540,0.00636704,0.00411985,-0.00196305,0.00866051,0.00762332,0.0331839
55655.886715,0.00131086,0.00477528,0.00554273,0.00969977,0.0834081,0.0434978
55656.839890,0.00758427,0.00486891,0.0132794,0.0101617,-0.0147982,0.0390135
55657.793005,0.00205993,0.00683521,-0.00265589,0.0139723,-0.0237668,0.0511211
55658.809645,-0.00159176,0.00543071,0.0137413,0.0124711,-0.0309417,0.044843
55659.826080,0.00346442,0.00486891,0.00438799,0.0102771,-0.0112108,0.0390135
55660.778765,0,0.00449438,0.00369515,0.0108545,0.0058296,0.0394619
55661.794905,-0.00346442,0.00411985,0.0155889,0.0106236,-0.0156951,0.0399103
55662.652215,-0.00234082,0.0090824,0.00623557,0.0198614,-0.0834081,0.0690583
55664.715635,-0.00187266,0.00440075,0.00323326,0.0100462,0.0286996,0.0390135
55665.731245,0,0.00355805,-0.00381062,0.00819861,-0.0627803,0.0318386
55666.778330,0.00234082,0.00346442,-0.00554273,0.00750577,-0.00941704,0.0286996
55667.508025,0.00140449,0.00271536,-0.00311778,0.00600462,0.000896861,0.02287
55668.523150,-0.000655431,0.00262172,-0.00715935,0.00542725,-0.0044843,0.0210762
55669.506420,0.00093633,0.00252809,-0.00623557,0.00542725,-0.035426,0.0206278
55670.489640,0.000280899,0.00224719,-0.00796767,0.00508083,0.00358744,0.0188341
55671.504575,0.000187266,0.00224719,-0.000808314,0.00473441,-0.0112108,0.0174888
55672.487865,-0.00252809,0.00224719,0.01097,0.0051963,-0.0121076,0.0188341
55673.502990,0.000374532,0.00299625,0.00854503,0.00635104,0.0143498,0.02287
55674.486470,0.00543071,0.00262172,0.00612009,0.00542725,0.00941704,0.0192825
55675.279600,0.0151685,0.00505618,0.0185912,0.0101617,0.00762332,0.0345291
55676.834285,0.0455993,0.00777154,0.113741,0.0137413,0.126457,0.0390135
55677.691035,0.0216292,0.00383895,0.0528868,0.00750577,0.0641256,0.0242152
55678.484405,0.0320225,0.00411985,0.0725173,0.00762125,0.0578475,0.02287
55679.499910,0.036985,0.00393258,0.0803695,0.00715935,0.0766816,0.0215247
55680.515350,0.0650749,0.00533708,0.121016,0.00900693,0.0757848,0.0242152
55681.499085,0.0507491,0.00449438,0.156467,0.00877598,0.164574,0.0242152
55682.482895,0.0692884,0.00468165,0.183834,0.00866051,0.190135,0.0246637
55683.498455,0.120412,0.00589888,0.296998,0.0106236,0.389686,0.0282511
55684.672665,0.147753,0.00730337,0.356813,0.0128176,0.402691,0.0313901
55685.624695,0.164232,0.00749064,0.432679,0.013164,0.588789,0.0340807
55686.513280,0.115543,0.0132022,0.360393,0.0281755,0.383857,0.0762332
55687.631310,0.105712,0.0100187,0.400115,0.0211316,0.54843,0.0573991
55688.576395,0.126779,0.00664794,0.453349,0.0135104,0.530942,0.0331839
55689.560345,0.178464,0.0079588,0.481755,0.0144342,0.563677,0.0358744
55690.544245,0.205899,0.0079588,0.566051,0.0146651,0.719731,0.038565
55691.528150,0.152622,0.00674157,0.432333,0.0123557,0.488341,0.032287
55692.512035,0.151779,0.00627341,0.381178,0.0114319,0.458296,0.0300448
55693.527650,0.12397,0.00571161,0.316282,0.0105081,0.342601,0.0278027
55694.479795,0.103371,0.00552434,0.227483,0.00993072,0.205381,0.026009
55695.495385,0.070412,0.00468165,0.187644,0.00866051,0.186996,0.0246637
55696.510970,0.061236,0.00411985,0.127483,0.00750577,0.0834081,0.0210762
55697.494800,0.0470974,0.00383895,0.0801386,0.00681293,0.038565,0.0206278
55698.478600,0.021161,0.00318352,0.048037,0.00623557,0.041704,0.0201794
55699.317800,0.00926966,0.00374532,0.0340647,0.00785219,-0.00896861,0.0269058
55700.474020,0.00355805,0.00617978,0.0184758,0.0135104,-0.0860987,0.0461883
55701.521250,0.00842697,0.00552434,0.00496536,0.0114319,0.0246637,0.0493274
55702.536620,-0.0011236,0.00580524,0.0123557,0.0132794,0.0134529,0.0538117
55703.615455,0.00196629,0.00449438,0.0247113,0.0100462,0.0156951,0.0403587
55704.535660,0.0117978,0.00468165,0.0157044,0.00969977,-0.0457399,0.0367713
55705.646135,0.00421348,0.00271536,0.00658199,0.00554273,0.00179372,0.0224215
55706.502820,0.00599251,0.00280899,0.00993072,0.00531178,-0.0161435,0.0215247
55707.518125,0.00580524,0.00262172,0.0152425,0.00531178,0.0170404,0.0210762
55708.501665,0.00543071,0.00271536,0.0160508,0.00542725,0,0.0206278
55709.485140,0.00374532,0.00243446,0.0112009,0.00496536,0.026009,0.0197309
55710.500390,0.00224719,0.00262172,0.00230947,0.00484988,-0.00493274,0.0192825
55711.501775,0.00430712,0.00243446,0.0118938,0.00496536,0.00044843,0.0206278
55712.534790,0.00355805,0.00243446,0.00773672,0.0051963,0.0201794,0.0219731
55713.518240,-9.3633e-05,0.00243446,0.0110855,0.00542725,-0.00269058,0.0219731
55714.501695,0.00205993,0.00252809,0.00669746,0.00588915,0.0121076,0.0242152
55715.485420,0.00337079,0.00299625,-0.000115473,0.00681293,0.00717489,0.029148
55716.501495,0.00168539,0.00318352,0.00658199,0.00715935,0.0318386,0.0295964
55717.485750,0.00702247,0.00430712,0.000923788,0.00889145,-0.0161435,0.041704
55718.819095,0.00505618,0.00383895,0.00866051,0.00889145,0.0130045,0.0367713
55719.771510,0.00571161,0.00543071,0.0185912,0.0116628,0.00224215,0.0475336
55720.787315,0.00543071,0.00458801,0.0159353,0.00854503,0.0573991,0.0349776
55721.786790,0.00149813,0.00505618,-0.000577367,0.00946882,0.00896861,0.0457399
55723.739115,0.00552434,0.00505618,0.00334873,0.0102771,-0.032287,0.0376682
55724.691455,0.00646067,0.00552434,0.00473441,0.0103926,0.0502242,0.0394619
55725.679240,0.00177903,0.00514981,0.00969977,0.0117783,0.0103139,0.044843
55726.667185,0,0.00646067,-0.0161663,0.0148961,0.0224215,0.0569507
55727.655300,0.00196629,0.00552434,-0.000808314,0.0116628,-0.00807175,0.044843
55728.613195,0.00205993,0.00514981,-0.000461894,0.0114319,0.0358744,0.0461883
55729.635105,-0.000280899,0.00552434,0.00115473,0.0115473,0.0161435,0.0439462
55730.594455,0.00683521,0.00552434,-0.0034642,0.0115473,-0.00627803,0.0466368
55731.585900,-0.00234082,0.00449438,0.0127021,0.0105081,-0.0399103,0.0376682
55732.577260,0.00496255,0.00505618,-0.0118938,0.0115473,0.0237668,0.044843
55733.568345,0.00093633,0.00496255,-0.0056582,0.00935335,-0.0130045,0.0367713
55734.495480,-0.00477528,0.00552434,-0.0117783,0.0110855,-0.0910314,0.0443946
55735.533405,0.00421348,0.00383895,-0.000577367,0.00819861,-0.032287,0.0300448
55736.669050,0.00430712,0.00318352,0.00334873,0.00681293,0.0103139,0.0255605
55737.659730,0.00243446,0.00271536,0.00681293,0.00612009,-0.0139013,0.0224215
55738.426580,0.000655431,0.00252809,0.00254042,0.00542725,0.00807175,0.0201794
55741.717610,0.00149813,0.00430712,0.00646651,0.0103926,-0.0219731,0.0367713
55742.517255,0.00271536,0.00224719,-0.00381062,0.00473441,-0.0188341,0.0170404
55743.508910,0.000749064,0.00252809,0.00161663,0.00531178,0.00762332,0.0197309
55744.501090,0.000655431,0.00243446,-0.00427252,0.00496536,0,0.0183857
55745.590170,0.00411985,0.00271536,-0.00196305,0.00577367,-0.0188341,0.0210762
55746.614210,0.00589888,0.00271536,0.000230947,0.00542725,-0.0224215,0.0188341
55747.574885,-0.000468165,0.00262172,0.0112009,0.0056582,-0.0246637,0.0201794
55748.567685,0.00131086,0.00262172,0.00819861,0.0056582,0.0179372,0.0197309
55749.560520,-0.000749064,0.00290262,0.00646651,0.00612009,-0.0125561,0.0215247
55750.553430,0.00299625,0.00262172,0.00461894,0.00542725,0.00672646,0.0201794
55751.514370,0.00140449,0.00280899,-0.00404157,0.00577367,0.0103139,0.0210762
55752.411715,0.000468165,0.00355805,-0.000808314,0.00681293,-0.00896861,0.0242152
55761.579650,-0.00421348,0.00299625,0.0117783,0.00704388,0.00358744,0.026009
55762.470825,-0.000655431,0.00243446,-0.00623557,0.00542725,-0.00986547,0.0210762
55763.496025,0.000842697,0.00252809,0.0108545,0.00588915,0,0.0224215
55764.489200,-0.00205993,0.00243446,-0.00600462,0.00531178,-0.0206278,0.0206278
55765.514415,-0.00187266,0.00234082,0.00819861,0.00496536,-0.02287,0.0188341
55766.507610,-0.000280899,0.00224719,0.002194,0.00484988,-0.00807175,0.0183857
55767.500795,9.3633e-05,0.00205993,0.00300231,0.00438799,-0.0206278,0.0170404
55768.493970,-0.000468165,0.00215356,0.000230947,0.00473441,-0.00313901,0.0179372
55769.487120,0.00159176,0.00215356,0.000115473,0.00461894,-0.0121076,0.0174888
55770.512315,0.000561798,0.00205993,0.00034642,0.00461894,-0.00358744,0.0179372
55771.505520,0.0011236,0.00215356,-0.00750577,0.00484988,-0.0044843,0.0179372
55772.498730,0.00205993,0.00215356,0.000230947,0.00461894,-0.0331839,0.0170404
55773.491925,0.00168539,0.00224719,0.00311778,0.00496536,-0.0179372,0.0183857
55774.485125,0.000749064,0.00215356,-0.00103926,0.00473441,-0.00269058,0.0174888
55775.510355,-0.00093633,0.00215356,0.00115473,0.00484988,-0.0107623,0.0183857
55776.503525,-0.00131086,0.00234082,-0.00277136,0.0051963,0.02287,0.0201794
55777.496740,0.000655431,0.00234082,-0.00034642,0.0051963,-0.00313901,0.0192825
55778.489945,0.00215356,0.00234082,0.00669746,0.00531178,-0.00179372,0.0197309
55779.483145,-0.00187266,0.00215356,-0.00646651,0.00496536,-0.0188341,0.0192825
55780.508350,-0.0011236,0.00234082,-0.00473441,0.00531178,-0.032287,0.0197309
55781.501495,0.00402622,0.00243446,0.000461894,0.00542725,0.0233184,0.0210762
55782.494640,-0.00140449,0.00215356,0.00554273,0.0051963,-0.026009,0.0206278
55783.487765,0.00177903,0.00271536,0.00230947,0.00623557,0.00986547,0.0237668
55784.480860,0.00140449,0.00243446,0.00323326,0.00554273,-0.0170404,0.0219731
55785.505955,0.00159176,0.00262172,-0.00612009,0.00612009,0.0224215,0.0246637
55786.466960,-0.00402622,0.00280899,0.00473441,0.00727483,-0.0381166,0.0278027
55787.684205,0.000374532,0.00327715,-0.00034642,0.00785219,-0.0215247,0.0327354
55788.645155,-0.00243446,0.00402622,0.00866051,0.00969977,0.0278027,0.0412556
55789.606075,0.00243446,0.00430712,0.00369515,0.00969977,0.0278027,0.0408072
55790.631030,0.00140449,0.00430712,-0.00819861,0.00993072,-0.0457399,0.0408072
55791.591920,0.00346442,0.00421348,0.0152425,0.0103926,-0.0125561,0.0434978
55792.584765,-0.00290262,0.00402622,-0.000230947,0.0095843,-0.0363229,0.0363229
55793.545595,0.00580524,0.00543071,-0.00946882,0.0125866,0.0412556,0.0466368
55794.538360,-0.0142322,0.0088015,-0.00866051,0.0236721,-0.0345291,0.0874439
55795.531160,0.00580524,0.011236,-0.000577367,0.0251732,0.132287,0.0946188
55796.523805,0.00543071,0.00486891,-0.00288684,0.0095843,-0.0121076,0.0367713
55797.516535,0.000374532,0.00589888,0.0056582,0.0124711,-0.0663677,0.0475336
55798.477150,0.00552434,0.00552434,0.00646651,0.0110855,0.0399103,0.0457399
55799.437705,0.00842697,0.00580524,-0.00404157,0.01097,-0.0318386,0.0412556
55800.462215,-0.00159176,0.00599251,0.00946882,0.012933,0.0197309,0.0470852
55801.422645,-0.00093633,0.00477528,0.0106236,0.0115473,0.0255605,0.0452915
55802.415000,0.000374532,0.00458801,-0.00138568,0.00993072,-0.0183857,0.0367713
55803.375260,0.00449438,0.00543071,0.00785219,0.0112009,0.0381166,0.0394619
55804.399375,0.00468165,0.00524345,0.0113164,0.0110855,-0.0161435,0.0403587
55805.359350,0.0148876,0.00552434,0.0241339,0.010739,0.0224215,0.038565
55806.351370,0.0220974,0.00524345,0.0518476,0.0105081,-0.0161435,0.0336323
55807.343190,0.0391386,0.00543071,0.0981524,0.0112009,0.0946188,0.0345291
55809.742045,0.031367,0.00449438,0.102079,0.0095843,0.0502242,0.0300448
55810.541540,0.05103,0.00393258,0.121824,0.00750577,0.0748879,0.0210762
55811.500895,0.07603,0.00421348,0.186952,0.00785219,0.112556,0.0210762
55812.492185,0.10927,0.00486891,0.254503,0.00866051,0.192377,0.0224215
55813.451555,0.119382,0.00477528,0.282333,0.00866051,0.236323,0.0219731
55814.474950,0.150749,0.00580524,0.39873,0.010739,0.393722,0.0264574
55815.594420,0.192509,0.00842697,0.52806,0.0157044,0.426009,0.035426
55816.426095,0.194944,0.00702247,0.535797,0.0130485,0.520628,0.0309417
55817.385770,0.227622,0.00777154,0.588106,0.0142032,0.612556,0.0336323
55818.409530,0.171536,0.00646067,0.455427,0.0121247,0.534978,0.0304933
55819.401445,0.0940075,0.00552434,0.353926,0.0116628,0.429148,0.0309417
55820.363245,0.0975655,0.00533708,0.40254,0.0117783,0.497309,0.0304933
55821.353085,0.106835,0.00580524,0.344457,0.0117783,0.403139,0.0304933
55822.352215,0.113764,0.00599251,0.310393,0.0110855,0.312108,0.0286996
55823.337225,0.102434,0.00599251,0.27448,0.0108545,0.301345,0.0282511
55824.496475,0.101124,0.00599251,0.251617,0.010739,0.252018,0.0282511
55825.513460,0.0729401,0.00514981,0.17194,0.00935335,0.141704,0.026009
55826.487945,0.0571161,0.00552434,0.116397,0.00981524,0.131839,0.0300448
55827.504925,0.0335206,0.00477528,0.105543,0.0100462,0.0892377,0.0358744
55828.753130,0.00758427,0.0159176,0.0452656,0.043649,0.0340807,0.115695
55829.489265,0.0143258,0.00346442,0.0249423,0.00658199,0.0264574,0.02287
55830.506160,0.00402622,0.00308989,0.0108545,0.00600462,-0.000896861,0.0210762
55831.498290,0.00571161,0.00271536,0.00715935,0.00600462,0.00538117,0.0233184
55832.490430,0.00533708,0.00262172,0.0145497,0.00577367,0.029148,0.0224215
55833.514675,0.0103933,0.00271536,0.0196305,0.00542725,0.00627803,0.0201794
55834.507500,0.0145131,0.00271536,0.017321,0.00577367,0.0233184,0.0210762
55835.500670,0.00973783,0.00243446,0.0190531,0.0051963,-0.0058296,0.0183857
55836.493825,0.013015,0.00280899,0.0257506,0.00554273,0.0269058,0.0197309
55837.486965,0.0129213,0.00280899,0.0375289,0.00554273,0.00807175,0.0188341
55838.512140,0.0155431,0.00280899,0.043649,0.00554273,0.00269058,0.0183857
55839.505265,0.0161985,0.00271536,0.0259815,0.00531178,0.00403587,0.0188341
55840.498390,0.0120787,0.00243446,0.0214781,0.00508083,-0.0058296,0.0170404
55841.491495,0.00440075,0.00234082,0.0203233,0.00508083,0.0044843,0.0179372
55842.484585,0.0090824,0.00243446,0.0174365,0.00496536,0.0278027,0.0174888
55843.509680,0.00589888,0.00234082,0.0155889,0.00484988,-0.0170404,0.0170404
55844.502710,0.00159176,0.00290262,0.00311778,0.00635104,-0.035426,0.0219731
55845.495730,0.00121723,0.00337079,0.00808314,0.0073903,0.00179372,0.026009
55846.488730,0.00692884,0.00374532,0.00658199,0.00785219,-0.0358744,0.0264574
55847.481690,0.00580524,0.00365169,0.0034642,0.00750577,-0.0107623,0.0264574
55848.506660,0.00552434,0.00271536,0.0051963,0.0056582,-0.0242152,0.0206278
55849.499555,0.00402622,0.00252809,0.00692841,0.00531178,-0.0201794,0.0183857
55850.492410,0.00486891,0.00234082,0.0101617,0.00496536,0.00807175,0.0188341
55851.517245,0.000749064,0.00224719,0.00854503,0.00531178,-0.0206278,0.0192825
55852.510015,0.00505618,0.00252809,0.0110855,0.00542725,0.00403587,0.0201794
55853.502860,0.00355805,0.00234082,0.0124711,0.00531178,-0.0206278,0.0197309
55854.496045,0.00627341,0.00318352,0.00900693,0.00646651,0.0206278,0.0251121
55855.489410,0.00177903,0.00271536,0.00415704,0.00577367,-0.00044843,0.0233184
55856.514760,0.00299625,0.00290262,0.00161663,0.00658199,0.0116592,0.0251121
55857.475990,0.000280899,0.00308989,-0.00427252,0.00704388,-0.0210762,0.0273543
55858.629385,0.00458801,0.00327715,-0.00889145,0.00715935,-0.00224215,0.0282511
55859.494455,-0.00168539,0.00374532,0.00334873,0.00969977,0.0125561,0.0372197
55860.487465,0.00617978,0.00411985,-0.000461894,0.00854503,0.00493274,0.0349776
55861.449115,0.0076779,0.00421348,-0.00542725,0.0091224,0.0340807,0.0367713
55862.410760,0.00543071,0.00496255,0.00773672,0.0113164,-0.0224215,0.0434978
55863.372540,0.00121723,0.00458801,0.00969977,0.0108545,0.0381166,0.0443946
55864.366190,0.00131086,0.00496255,-0.00103926,0.0108545,0.00493274,0.0390135
55865.359710,0.00234082,0.00458801,0.00103926,0.00981524,0.0103139,0.0381166
55867.314460,-0.000655431,0.00580524,-0.0146651,0.0127021,-0.0847534,0.044843
55868.307590,0.00777154,0.00543071,0.0115473,0.00993072,0.0179372,0.0340807
55869.268830,0.00355805,0.00496255,0.00635104,0.0102771,-0.0309417,0.0372197
55870.262050,0.00917603,0.00543071,0.00473441,0.0110855,-0.00627803,0.0434978
55871.255150,0.00140449,0.00468165,0.00669746,0.0102771,-0.00179372,0.0372197
55872.216140,0.00514981,0.00477528,0.00207852,0.0101617,0.0318386,0.0381166
55873.241085,0.000468165,0.00421348,0.00415704,0.00993072,0.0224215,0.041704
55874.201880,0.00346442,0.00505618,-0.00969977,0.00993072,-0.0215247,0.0372197
55875.194605,-0.00234082,0.00393258,0.00254042,0.00889145,0.0399103,0.0345291
55876.187155,0.00430712,0.00468165,0.0155889,0.0106236,-0.041704,0.038565
55877.211575,-0.000655431,0.00421348,-0.00277136,0.00935335,-0.00538117,0.0363229
55878.299905,0.00262172,0.00355805,0.00207852,0.00762125,-0.0156951,0.0286996
55879.516035,0.00262172,0.00262172,0.00531178,0.0056582,-0.00941704,0.0215247
55880.508000,-0.00102996,0.00243446,0.00115473,0.00542725,-0.0130045,0.0201794
55881.499980,0.000842697,0.00234082,0.00311778,0.0051963,0.00896861,0.0192825
55882.491840,0.00243446,0.00234082,-0.00288684,0.00496536,-0.0058296,0.0188341
55883.484055,0.00374532,0.00224719,-0.00288684,0.00473441,-0.0179372,0.0174888
55884.508935,0.00318352,0.00224719,0.00646651,0.00473441,0.00762332,0.0170404
55885.213675,0.00290262,0.00374532,0.00242494,0.0073903,-0.029148,0.0269058
55886.948295,0.010206,0.00805243,0.0177829,0.0146651,-0.0869955,0.0502242
55887.072725,-0.00205993,0.00599251,0.000461894,0.012933,0.0147982,0.0461883
55888.577815,0.00131086,0.00271536,0.00300231,0.00531178,-0.0210762,0.0197309
55889.507035,0.00271536,0.00252809,-0.00230947,0.00461894,-0.0372197,0.0170404
55890.500435,-0.000280899,0.00271536,0.00646651,0.00554273,-0.0179372,0.0197309
55891.493895,0.00102996,0.00252809,0.000115473,0.00450346,-0.0174888,0.0170404
55892.487400,-0.000280899,0.00243446,0.00427252,0.00473441,-0.0112108,0.0179372
55893.480930,0.00393258,0.00252809,0.00242494,0.00496536,-0.0143498,0.0183857
55894.506520,-0.000842697,0.00271536,-0.00612009,0.00473441,-0.0152466,0.0192825
55895.500195,-0.000561798,0.00262172,-0.00265589,0.0051963,-0.0470852,0.0192825
55896.493870,0.00308989,0.00271536,0.000808314,0.0051963,0.00313901,0.0201794
55897.487925,0.000842697,0.00346442,0.00311778,0.00796767,0.00313901,0.0255605
55898.481880,0.00533708,0.00299625,0.00715935,0.0056582,0.00179372,0.0197309
55899.386900,0.00121723,0.00486891,0.00692841,0.0095843,0.00807175,0.0430493
55900.598100,0.000655431,0.00599251,-0.00635104,0.010739,-0.000896861,0.0439462
55901.495895,0.00131086,0.00271536,0.0091224,0.00554273,0.0161435,0.0201794
55902.489895,-0.0011236,0.00280899,0.00461894,0.0056582,-0.0183857,0.0233184
55903.483860,-0.00093633,0.00215356,-0.00311778,0.00484988,0.0139013,0.0210762
55904.509865,0.00121723,0.00215356,0.00288684,0.00450346,0.00896861,0.0188341
55905.504170,0.00102996,0.00224719,0.00727483,0.00484988,0.00179372,0.0188341
55906.498665,0.00243446,0.00205993,-0.000230947,0.00438799,0.00538117,0.0179372
55907.493130,0.000561798,0.00224719,0.00357968,0.00461894,0.00807175,0.0183857
55908.487605,-0.000749064,0.00196629,0.000577367,0.00404157,-0.0206278,0.0156951
55909.514130,0.00177903,0.00196629,-0.00127021,0.00415704,-0.0336323,0.0156951
55910.508570,-0.00299625,0.00196629,0.00854503,0.00427252,-0.00672646,0.0170404
55911.503000,0.000374532,0.00187266,-0.00242494,0.0039261,0.0139013,0.0156951
55912.497430,0.00271536,0.00196629,-0.00265589,0.00415704,-0.0103139,0.0156951
55913.491840,0.00234082,0.00187266,0.00623557,0.0039261,-0.0121076,0.0147982
55914.518330,0.000842697,0.00196629,0.002194,0.00381062,0.0147982,0.0156951
55915.512725,-0.00159176,0.00196629,0.00646651,0.00415704,-0.0201794,0.0165919
55916.507095,-0.000655431,0.00187266,0.00635104,0.0039261,-0.0044843,0.0156951
55917.501440,0.0011236,0.00243446,-0.000577367,0.00473441,0.00179372,0.0188341
55918.495695,0.00337079,0.00205993,0.0056582,0.00427252,-0.00762332,0.0165919
55919.489905,0.000561798,0.00215356,0.00600462,0.00508083,-0.00986547,0.0188341
55920.484170,0.00121723,0.00224719,0.00127021,0.00508083,-0.00807175,0.0188341
55921.510480,-0.0011236,0.00224719,0.00588915,0.00496536,-0.0170404,0.0188341
55922.504690,-0.00121723,0.00234082,-0.00484988,0.0051963,-0.026009,0.0197309
55923.498885,0.00215356,0.00224719,-0.00484988,0.00496536,-0.0183857,0.0188341
55924.493030,0.00140449,0.00271536,0.00138568,0.00623557,-0.00852018,0.0233184
55925.487170,0.00224719,0.00262172,-0.00265589,0.00600462,0.00313901,0.02287
55926.449190,0.00393258,0.00290262,0.00323326,0.00646651,0.0470852,0.0264574
55927.507395,0.0011236,0.00299625,0.01097,0.00681293,0.00807175,0.0264574
55928.469375,0.00430712,0.00355805,0.00623557,0.00854503,-0.0058296,0.0340807
55929.431275,0.000374532,0.00318352,-0.00404157,0.0073903,-0.00269058,0.029148
55930.297030,0.00308989,0.00440075,-0.0051963,0.00923788,0.0295964,0.0367713
55931.290945,0.00262172,0.00430712,0.0100462,0.0101617,0.0363229,0.0381166
55932.220720,0.00964419,0.00514981,-0.0017321,0.0105081,-0.0269058,0.0412556
55933.214555,0.00833333,0.00449438,0.036836,0.0105081,0.0304933,0.0390135
55934.208375,0.00749064,0.00496255,0.0224018,0.0118938,0.0345291,0.044843
55935.202220,0.00543071,0.00449438,0.0387991,0.0113164,0.0578475,0.0426009
55936.195945,0.0289326,0.00702247,0.0853349,0.0150115,0.0973094,0.0466368
55937.157575,0.0207865,0.00702247,0.0437644,0.0122402,0.0336323,0.041704
55939.112630,0.043633,0.00964419,0.111778,0.0188222,0.139013,0.0600897
55940.491025,0.0481273,0.00692884,0.152079,0.0136259,0.130045,0.038565
55941.516910,0.0601124,0.0085206,0.187991,0.0162818,0.174439,0.0443946
55942.510650,0.0681648,0.00983146,0.161894,0.0181293,0.227803,0.0533632
55943.504340,0.0676966,0.00758427,0.138684,0.0130485,0.117937,0.0390135
55944.497965,0.109738,0.0114232,0.236143,0.019746,0.175336,0.0502242
55945.491425,0.0964419,0.00833333,0.202771,0.0147806,0.198206,0.0412556
55946.517290,0.166105,0.010206,0.309815,0.0170901,0.306278,0.0452915
55947.510270,0.171723,0.0122659,0.486374,0.023903,0.503587,0.0578475
55948.503525,0.178558,0.0105805,0.447229,0.0189376,0.456502,0.0475336
55949.496980,0.177247,0.010206,0.525289,0.019746,0.744395,0.0538117
55950.041425,0.307584,0.019382,0.826328,0.0362587,0.706278,0.0847534
55951.578665,0.137079,0.0114232,0.54746,0.0255196,0.559193,0.0636771
55953.948490,0.218446,0.0164794,0.576443,0.0307159,0.567265,0.0748879
55954.492345,0.232865,0.00992509,0.582564,0.0177829,0.443946,0.0399103
55955.484935,0.18324,0.00589888,0.483256,0.010739,0.458744,0.026009
55956.509655,0.169757,0.00543071,0.404388,0.00993072,0.405381,0.0246637
55957.502565,0.155899,0.00552434,0.374018,0.0100462,0.359193,0.0246637
55958.527590,0.113858,0.00514981,0.285681,0.00946882,0.239462,0.0237668
55959.488640,0.111423,0.00524345,0.318822,0.0101617,0.302242,0.0255605
55960.481800,0.086236,0.00477528,0.217667,0.00877598,0.195516,0.0233184
55961.539105,0.0787453,0.00505618,0.18776,0.00923788,0.140807,0.0242152
55962.500440,0.0597378,0.00430712,0.137182,0.00785219,0.106726,0.0219731
55963.493895,0.0553371,0.00411985,0.107506,0.0073903,0.0650224,0.0215247
55964.487390,0.0427903,0.00411985,0.0689376,0.00704388,0.0681614,0.0215247
55965.512975,0.0298689,0.00365169,0.0555427,0.00681293,0.0318386,0.0210762
55966.506610,0.0138577,0.00299625,0.0300231,0.00588915,0.00807175,0.0188341
55967.500245,0.0140449,0.00337079,0.0138568,0.00612009,0.00493274,0.0210762
55968.493930,0.0149813,0.00318352,0.0222864,0.00588915,-0.0224215,0.0197309
55969.487635,0.0107678,0.00402622,0.0290993,0.00785219,-0.0170404,0.0278027
55970.481365,0.00814607,0.00337079,0.0159353,0.00646651,0.038565,0.0246637
55971.322095,0.0093633,0.00814607,0.0196305,0.0165127,-0.029148,0.0565022
55972.500925,0.00299625,0.00458801,0.00438799,0.0101617,0.0345291,0.0381166
55973.494715,0.00955056,0.00337079,0.00831409,0.00635104,0.0143498,0.0215247
55974.488475,0.00543071,0.00290262,0.00946882,0.00635104,-0.0107623,0.02287
55975.482285,0.00411985,0.00280899,0.00427252,0.00577367,0.0215247,0.0233184
55976.508140,0.00159176,0.00262172,0.00450346,0.0056582,0.0165919,0.02287
55977.501940,0.00234082,0.00280899,-0.00127021,0.00577367,0.00852018,0.0224215
55978.495745,0.00093633,0.00262172,-0.000230947,0.00554273,0.00762332,0.0210762
55979.489525,0.00449438,0.00280899,0.00542725,0.00588915,0.0174888,0.0215247
55980.483290,0.00683521,0.00271536,0.0091224,0.0056582,0.0192825,0.0201794
55981.509110,0.00093633,0.00280899,0.00277136,0.00577367,-0.00852018,0.0215247
55982.502850,0.00252809,0.00271536,0.00785219,0.0056582,-0.0156951,0.0206278
55983.496615,0.00617978,0.00252809,0.00265589,0.00531178,-0.0340807,0.0192825
55984.490380,0.00430712,0.00262172,0.00923788,0.00554273,-0.0179372,0.0210762
55985.484120,0.00430712,0.00262172,0.00357968,0.00542725,0,0.0197309
55986.510040,0.00262172,0.00262172,0.0113164,0.00554273,-0.0165919,0.0201794
55987.504160,0.00121723,0.00262172,0.00704388,0.00588915,0.0170404,0.0219731
55988.498345,0.00411985,0.00262172,0.0181293,0.00577367,-0.00896861,0.0206278
55989.492575,0.00496255,0.00280899,0.00889145,0.00588915,-0.0170404,0.0210762
55990.486745,-0.000842697,0.00252809,-0.00450346,0.0056582,-0.00269058,0.0210762
55991.480870,0.000842697,0.00271536,0.00127021,0.00588915,-0.00313901,0.0219731
55992.474985,0.000561798,0.00271536,0.00184758,0.00612009,-0.0282511,0.0215247
55993.437000,0.00308989,0.00280899,0.00715935,0.00623557,-0.0430493,0.02287
55994.399000,9.3633e-05,0.00280899,0.00646651,0.00658199,-0.0152466,0.0242152
55995.425060,-0.00149813,0.00355805,-0.00277136,0.00727483,0.0179372,0.0282511
55996.419050,0.00411985,0.00299625,0.0117783,0.00658199,-0.0192825,0.0242152
55997.445065,0.00655431,0.00299625,-0.00427252,0.00600462,0.0170404,0.0242152
55998.503075,0.00196629,0.00299625,-0.0017321,0.00612009,-0.00493274,0.02287
55999.336620,0.00308989,0.00365169,0.000692841,0.00773672,-0.0143498,0.0295964
56000.490740,0.000749064,0.00299625,0.00508083,0.00692841,0.0197309,0.0269058
56001.516600,0.00215356,0.00308989,0.00334873,0.00692841,-0.0044843,0.0269058
56002.510340,-0.000842697,0.00440075,0.0100462,0.00969977,-0.0713004,0.0363229
56003.504030,0.0071161,0.00421348,-0.013164,0.00819861,-0.00493274,0.0336323
56004.497695,0.00617978,0.00486891,0.00600462,0.0108545,0.0224215,0.041704
56005.491305,-0.00187266,0.00411985,-0.00323326,0.0095843,-0.00134529,0.038565
56006.516940,0.00496255,0.00421348,0.00646651,0.00993072,-0.0246637,0.0390135
56007.510455,0.00140449,0.00533708,-0.0138568,0.0108545,-0.00224215,0.0466368
56008.503925,-0.000280899,0.00402622,-0.00138568,0.00923788,0.0201794,0.0358744
56009.048730,0.00524345,0.00992509,-0.00184758,0.0230947,-0.0246637,0.0816143
56010.907305,0.00271536,0.00589888,0.00115473,0.0125866,0.0242152,0.0547085
56011.516115,-0.00121723,0.00402622,-0.00207852,0.0101617,0.00986547,0.0399103
56012.893855,0.000842697,0.00533708,-0.0145497,0.0114319,-0.0143498,0.044843
56013.887015,0.00346442,0.00505618,0.0051963,0.0106236,0.0318386,0.0412556
56014.849080,0.00102996,0.00514981,0.00508083,0.0132794,-0.0170404,0.0506726
56015.841200,-0.00280899,0.00524345,0.00635104,0.0118938,0.0780269,0.0475336
56016.834130,0.000561798,0.00468165,0.002194,0.0102771,-0.032287,0.0381166
56017.794965,0.00571161,0.00505618,0.00115473,0.0106236,-0.0430493,0.0399103
56018.788070,-0.000280899,0.00589888,-0.00692841,0.0118938,0.044843,0.0479821
56021.734810,-0.00365169,0.00421348,-0.00230947,0.00946882,0.0206278,0.0376682
56022.791390,0.00234082,0.00374532,0.00923788,0.00842956,0.0139013,0.0313901
56023.496360,0.000749064,0.00318352,-0.00450346,0.00715935,-0.00493274,0.0264574
56024.489700,0.00411985,0.00290262,-0.00115473,0.00612009,-0.00313901,0.0242152
56025.482850,0.00093633,0.00393258,0.00369515,0.00808314,-0.0139013,0.029148
56026.540000,0.000749064,0.00346442,-0.000577367,0.0073903,-0.0125561,0.0264574
56027.501005,0.010206,0.00374532,0.00034642,0.00750577,-0.0058296,0.0286996
56028.494050,0.00533708,0.00327715,0.002194,0.00692841,0.00179372,0.0251121
56029.519210,-0.000374532,0.00308989,-0.00323326,0.00692841,0,0.0255605
56030.512420,0.00561798,0.00402622,0.00877598,0.00831409,0.0147982,0.0309417
56031.505735,-0.00205993,0.00355805,0.0051963,0.00773672,0.0152466,0.0273543
56032.499135,-0.00205993,0.00346442,0.00184758,0.00727483,-0.000896861,0.0282511
56033.492600,9.3633e-05,0.00411985,-0.000230947,0.00785219,0.00269058,0.0286996
56034.518235,0.00552434,0.00374532,0.00531178,0.0073903,-0.00179372,0.0282511
56035.511910,0.00290262,0.00421348,0.00681293,0.00854503,0.00134529,0.0313901
56036.505710,0.00617978,0.00449438,0.00357968,0.00889145,-0.0255605,0.032287
56037.499530,0.00187266,0.00440075,-0.00196305,0.00900693,0.0242152,0.0349776
56038.493320,0.000655431,0.00365169,0.00554273,0.00750577,0.0125561,0.0286996
56039.519120,-0.00327715,0.00365169,0.00612009,0.00831409,-0.0278027,0.0300448
56040.673185,-0.00421348,0.00374532,-0.000230947,0.00842956,0.0058296,0.0318386
56041.506730,0.00149813,0.00402622,0.00334873,0.00773672,0.00134529,0.0295964
56042.661095,0.000374532,0.00468165,0.00588915,0.0100462,-0.0251121,0.0367713
56043.559555,0.00627341,0.0090824,0.0133949,0.0199769,-0.0206278,0.0704036
56044.651505,-0.00458801,0.00805243,-0.00981524,0.0161663,0.0798206,0.0775785
56045.613010,0.00262172,0.00402622,0.0105081,0.00877598,-0.00358744,0.0313901
56046.575640,0.00430712,0.00449438,0.000808314,0.00866051,-0.0264574,0.0327354
56047.570380,-0.00346442,0.00337079,-0.0112009,0.00785219,-0.0242152,0.0327354
56048.565120,-0.000842697,0.00327715,-0.00773672,0.00796767,-0.0403587,0.0313901
56049.559860,-0.00346442,0.00318352,-0.00357968,0.00750577,-0.00358744,0.0304933
56050.522505,0.000280899,0.00308989,0.00588915,0.00750577,-0.0533632,0.0295964
56051.517570,0.000842697,0.00308989,-0.00889145,0.00692841,0.0188341,0.0273543
56052.545445,-0.00411985,0.00290262,-0.00150115,0.00681293,-0.00896861,0.0273543
56053.541330,0.00215356,0.00290262,0.000808314,0.00669746,0.0273543,0.0264574
56054.505110,9.3633e-05,0.00280899,0.00323326,0.00681293,-0.0318386,0.0264574
56055.501010,-0.00224719,0.00280899,-0.00311778,0.00658199,0.00538117,0.0246637
56056.496910,0.000374532,0.00318352,-0.00450346,0.00704388,-0.00358744,0.0269058
56057.492790,0.000374532,0.00290262,0.0095843,0.00658199,0.0340807,0.026009
56058.488675,-0.00234082,0.00280899,0.00277136,0.00681293,0.0215247,0.0269058
56059.484555,0.00093633,0.00308989,-0.000461894,0.00669746,0.0165919,0.026009
56060.512540,0,0.00308989,-0.00242494,0.00669746,-0.00896861,0.0255605
56061.508400,0,0.00299625,0.00450346,0.00727483,-0.00762332,0.0264574
56062.504235,0.00131086,0.00327715,0.0143187,0.0073903,0.0255605,0.0278027
56063.515655,0.00177903,0.00411985,0.0106236,0.00877598,-0.00313901,0.032287
56064.511570,0.00870787,0.00440075,0.0339492,0.0103926,0.0264574,0.0318386
56065.491960,0.0205056,0.00421348,0.0494226,0.00889145,0.0044843,0.0286996
56066.487605,0.00468165,0.00365169,0.0281755,0.00819861,-0.0058296,0.0295964
56067.515460,0.00477528,0.00383895,0.0182448,0.00819861,0.0403587,0.0318386
56068.543280,0.00580524,0.00393258,0.0184758,0.00900693,0.0313901,0.032287
56069.506825,0.00627341,0.00355805,0.0435335,0.00831409,0.00852018,0.0309417
56070.502470,0.0116105,0.00468165,0.0444573,0.0100462,-0.0156951,0.0345291
56071.498080,0.0222846,0.00514981,0.0575058,0.0105081,0.0529148,0.0372197
56072.493720,0.0515918,0.00720974,0.176212,0.015358,0.127803,0.0484305
56073.489550,0.0530899,0.0082397,0.213857,0.0174365,0.196861,0.0538117
56074.517430,0.0728464,0.00889513,0.204273,0.0180139,0.213004,0.0560538
56075.866555,0.103184,0.0128277,0.377021,0.0270208,0.439013,0.0793722
56076.830175,0.120318,0.0134831,0.388337,0.02806,0.408969,0.0784753
56077.825890,0.100562,0.0144195,0.245266,0.0271363,0.331839,0.090583
56078.789355,0.0884831,0.0167603,0.284527,0.0341801,0.367713,0.0896861
56079.752895,0.0664794,0.0144195,0.234758,0.0299076,0.249327,0.0852018
56080.652180,0.0926966,0.079588,0.0339492,0.144804,0.374439,0.604036
56081.744130,0.0132959,0.0108614,0.101155,0.030254,0.175336,0.0950673
56082.739680,0.0373596,0.0140449,0.0770208,0.0277136,0.0748879,0.0955157
56083.703030,0.0169476,0.0113296,0.0857968,0.0255196,0.13722,0.0946188
56084.730580,0.0679775,0.0162921,0.135104,0.0332564,0.223318,0.101794
56085.661750,0.0626404,0.0244382,0.367783,0.0592379,0.519283,0.158744
56086.657055,0.147378,0.0235019,0.602771,0.0509238,1.05874,0.142601
56087.652290,0.153371,0.0324906,0.477252,0.0640878,0.960538,0.194619
56088.647450,0.148689,0.0225655,0.48164,0.045612,0.672197,0.133184
56089.610465,0.219663,0.0262172,0.490069,0.0446882,0.504933,0.117937
56090.573395,0.111049,0.0191948,0.403118,0.0406467,0.440359,0.113004
56091.568310,0.122753,0.016573,0.346305,0.032448,0.382511,0.0878924
56092.563010,0.133614,0.0145131,0.389145,0.0284065,0.495067,0.0766816
56093.557680,0.11236,0.0126404,0.277945,0.0230947,0.304933,0.0686099
56094.712615,0.100936,0.00889513,0.267436,0.0176674,0.270852,0.0529148
56095.706950,0.0914794,0.00777154,0.25254,0.0152425,0.258744,0.0439462
56096.508750,0.0973783,0.007397,0.212125,0.0138568,0.210314,0.0412556
56097.406735,0.0874532,0.00702247,0.259353,0.0143187,0.178475,0.0390135
56098.561125,0.0773408,0.0131086,0.166859,0.0242494,0.170404,0.0748879
56101.513015,0.0558989,0.00543071,0.136259,0.0106236,0.1,0.0318386
56102.507850,0.0444757,0.00514981,0.109931,0.00993072,0.0695067,0.0309417
56103.502775,0.0501873,0.00561798,0.080485,0.0103926,0.0789238,0.0331839
56104.497855,0.0302434,0.00486891,0.063164,0.00946882,0.0618834,0.0318386
56105.621350,0.0317416,0.00552434,0.0592379,0.0103926,0.0399103,0.0331839
56106.584490,0.0275281,0.00533708,0.0542725,0.00993072,0.0766816,0.0336323
56107.579840,0.0183521,0.00505618,0.0290993,0.0101617,0.0497758,0.035426
56108.573965,0.0292135,0.0109551,0.00877598,0.0196305,0.0605381,0.0721973
56110.534165,0.016573,0.00496255,0.0284065,0.00819861,0.00672646,0.029148
56111.497555,0.0147004,0.00477528,0.0214781,0.00900693,0.0237668,0.0286996
56112.493135,0.00393258,0.00440075,0.0177829,0.00946882,-0.0233184,0.0286996
56113.488735,0.00617978,0.00505618,0.0133949,0.00946882,-0.00313901,0.035426
56114.484365,0.00215356,0.00440075,0.00438799,0.00889145,0.0408072,0.035426
56115.447905,0.00318352,0.00571161,0.00773672,0.0138568,-0.0139013,0.0488789
56116.636280,-0.0163858,0.0121723,-0.0405312,0.0294457,-0.11704,0.112556
56117.407120,0.00833333,0.00430712,0.0039261,0.00819861,-0.0242152,0.0264574
56118.402800,0.00617978,0.00496255,0.0210162,0.00866051,-0.0408072,0.0273543
56119.398510,0.00589888,0.00355805,0.00842956,0.00762125,0.00224215,0.032287
56120.490555,0.00318352,0.00365169,0.0163972,0.00785219,-0.0147982,0.0313901
56121.325660,-0.00205993,0.00374532,0.00381062,0.0101617,-0.0309417,0.0390135
56122.514110,0.00177903,0.00421348,0.0161663,0.00831409,0.00717489,0.0349776
56123.509810,-0.000374532,0.00308989,0.0091224,0.00600462,0.0309417,0.026009
56124.505515,0.00327715,0.00299625,0.0056582,0.00600462,0.035426,0.0255605
56125.501175,0.00552434,0.00355805,0.00496536,0.00681293,-0.00403587,0.0264574
56126.497250,0.00121723,0.00290262,0.0138568,0.00681293,0.00672646,0.026009
56127.493995,0.000655431,0.00318352,0.010739,0.00669746,0.0399103,0.0246637
56128.490775,0.00786517,0.00327715,-0.00127021,0.00658199,0.0210762,0.026009
56129.487550,-0.000280899,0.00308989,-0.00127021,0.00658199,0.00044843,0.0255605
56130.516615,0.00121723,0.00327715,0.00265589,0.00692841,-0.032287,0.0255605
56131.513395,-0.000749064,0.00308989,0.00508083,0.00715935,0.0466368,0.0264574
56132.525880,0.000468165,0.00299625,0.00230947,0.00692841,-0.00807175,0.0251121
56133.506930,0.00514981,0.00449438,0.00588915,0.00889145,0.0174888,0.0345291
56134.503665,0.00093633,0.00327715,0.00334873,0.00750577,-0.0340807,0.0264574
56135.500535,-0.00131086,0.00318352,0.01097,0.00750577,-0.0242152,0.0286996
56136.495485,0.000749064,0.00355805,0.00357968,0.00750577,0.00852018,0.0278027
56137.492115,-0.000468165,0.00355805,0.0144342,0.00796767,0.0269058,0.0304933
56138.490440,0.00655431,0.00355805,0.0155889,0.00773672,-0.0139013,0.0295964
56139.487460,0.00252809,0.00337079,0.00438799,0.00854503,-0.00941704,0.0336323
56140.466760,0.000561798,0.00355805,0.0103926,0.00796767,0.0130045,0.0313901
56141.528340,0.00177903,0.00421348,0.00669746,0.00969977,0.0390135,0.0376682
56142.509100,0.00393258,0.00383895,-0.00588915,0.00923788,-0.0130045,0.035426
56143.505615,0.0126404,0.00440075,0.00115473,0.00923788,0.032287,0.0358744
56144.470015,0.0011236,0.00430712,0.00542725,0.0105081,-0.0408072,0.0399103
56145.723590,-0.00393258,0.00533708,0.00785219,0.0135104,0.0197309,0.0502242
56146.655735,-0.000655431,0.00627341,0.015358,0.0145497,0.0192825,0.0569507
56147.652135,-0.000749064,0.00524345,-0.0196305,0.0118938,-0.0156951,0.0515695
56148.616375,-0.00458801,0.00599251,0.00196305,0.0172055,0.0457399,0.0735426
56149.612765,-0.00926966,0.00486891,0.00381062,0.0159353,0.0443946,0.0627803
56150.609050,-0.00383895,0.00889513,-0.00357968,0.0170901,-0.104036,0.0681614
56151.573180,-0.00552434,0.00627341,-0.00242494,0.0169746,-0.0748879,0.0654709
56152.537270,-0.0134831,0.0161985,0.0862587,0.0495381,-0.0973094,0.193274
56153.533465,-0.00337079,0.015824,0.07806,0.0407621,-0.0878924,0.14574
56154.529520,-0.00458801,0.0076779,0.0178984,0.0177829,-0.0659193,0.0704036
56155.494550,0.00458801,0.0159176,0.0137413,0.0274827,0.0816143,0.110314
56156.491700,0.00337079,0.00955056,0.00508083,0.0206697,-0.0699552,0.0793722
56157.488840,0.00440075,0.0150749,0.00658199,0.0286374,0.0183857,0.124215
56158.453770,-0.00870787,0.0103933,0.0311778,0.0300231,0.000896861,0.123767
56159.482750,0.0217228,0.0150749,0.0174365,0.0303695,-0.0659193,0.121525
56160.415610,-0.00140449,0.0085206,-0.0101617,0.0213626,0.0470852,0.0816143
56161.380385,-0.0107678,0.00758427,-0.00819861,0.0225173,-0.0919283,0.0825112
56162.411270,0.000655431,0.0085206,0.0110855,0.0204388,-0.0520179,0.0753363
56163.377960,0.00477528,0.00973783,0.0123557,0.0221709,0.0367713,0.0869955
56164.376850,9.3633e-05,0.00758427,-0.00427252,0.0174365,-0.0605381,0.0609865
56165.375525,-0.000561798,0.00561798,-0.00588915,0.0147806,0.0901345,0.0596413
56168.853870,-0.00374532,0.00636704,0.00658199,0.0160508,-0.0286996,0.0650224
56169.530070,0,0.00346442,0.00866051,0.00819861,0.0130045,0.032287
56170.528205,0.00196629,0.00337079,0.00750577,0.00773672,0.0139013,0.0313901
56171.526345,0.0076779,0.00355805,0.010739,0.00773672,0.0188341,0.0304933
56172.492275,-0.00149813,0.00327715,0.00277136,0.0073903,-0.0457399,0.0282511
56173.490510,0.00121723,0.00337079,0.00623557,0.00785219,-0.0121076,0.0286996
56174.488805,0.00702247,0.00365169,0.0120092,0.00808314,-0.00896861,0.0286996
56175.454980,0.00646067,0.00365169,0.000577367,0.00773672,-0.0470852,0.0282511
56176.453515,-0.00187266,0.00337079,0.00427252,0.00819861,0.0273543,0.0304933
56177.419850,0.00374532,0.00383895,0.000577367,0.00796767,-0.00538117,0.0300448
56178.386345,0.00318352,0.00374532,0.00242494,0.00785219,-0.0336323,0.0304933
56179.385125,-0.00702247,0.00374532,0.00300231,0.00842956,0.0309417,0.0327354
56180.383940,-0.00468165,0.00374532,0.0135104,0.00877598,0.0058296,0.0313901
56181.350555,0.00215356,0.00402622,-0.00254042,0.00854503,-0.0107623,0.0327354
56182.510515,0.00149813,0.00383895,-0.00427252,0.00842956,0,0.0313901
56183.348235,0.000280899,0.00421348,-0.0056582,0.00831409,0.0116592,0.0309417
56184.508645,0.00533708,0.00402622,-0.0159353,0.0073903,-0.0529148,0.0278027
56185.482925,0.00646067,0.00449438,-0.0147806,0.00866051,0.0174888,0.0345291
56186.510165,0.00308989,0.00496255,-0.00127021,0.0118938,-0.00358744,0.038565
56187.488990,0.00589888,0.00552434,0.028291,0.0138568,0.0399103,0.0470852
56188.506615,-0.00664794,0.011985,0.0289838,0.0321016,0.0538117,0.126906
56189.506195,0.00533708,0.00477528,0.0154734,0.00993072,0.0789238,0.0363229
56190.505760,0.0127341,0.00468165,0.0362587,0.00981524,0.00538117,0.0318386
56191.505355,0.0106742,0.00449438,0.0337182,0.0095843,0.00313901,0.0363229
56192.505015,0.00983146,0.00411985,0.032448,0.00831409,0.0457399,0.0300448
56193.504510,0.0161049,0.00421348,0.034642,0.00819861,0.0457399,0.0304933
56194.504080,0.00496255,0.00337079,0.0170901,0.00762125,0.0192825,0.0282511
56195.504195,0.0207865,0.00421348,0.0606236,0.00866051,0.038565,0.0286996
56196.503130,0.013015,0.00374532,0.0222864,0.0073903,0.0331839,0.0282511
56197.502745,0.0159176,0.00402622,0.0457275,0.00808314,0.0618834,0.0282511
56198.502115,0.0153558,0.00365169,0.0553118,0.00773672,-0.00313901,0.0246637
56199.501505,0.0141386,0.00374532,0.0338337,0.00762125,0.0210762,0.026009
56200.501160,0.0102996,0.00337079,0.0263279,0.00715935,-0.00493274,0.0255605
56201.500640,0.0088015,0.00365169,0.0272517,0.0073903,-0.0130045,0.026009
56202.500115,0.0136704,0.00355805,0.0347575,0.00750577,0.0044843,0.0246637
56203.499560,0.0132959,0.00383895,0.0459584,0.00819861,0.0497758,0.0273543
56204.499000,0.0228464,0.00402622,0.0734411,0.00831409,0.0300448,0.026009
56205.498420,0.0345506,0.00636704,0.108083,0.0127021,0.128251,0.0390135
56206.497820,0.061985,0.00814607,0.204273,0.0159353,0.225112,0.0466368
56207.497215,0.108521,0.0104869,0.288799,0.0196305,0.287892,0.0524664
56208.496585,0.123221,0.0104869,0.462702,0.0224018,0.446188,0.055157
56209.495955,0.145599,0.00945693,0.482679,0.0189376,0.589686,0.0493274
56210.495350,0.138764,0.0076779,0.451155,0.015358,0.537668,0.0421525
56211.494745,0.130431,0.007397,0.387067,0.0147806,0.404933,0.0390135
56212.494030,0.0952247,0.00636704,0.325982,0.0133949,0.43139,0.0376682
56213.493270,0.0838015,0.00636704,0.293649,0.0135104,0.300897,0.0381166
56214.492495,0.0742509,0.00599251,0.239492,0.0124711,0.250673,0.0358744
56215.491705,0.0432584,0.00561798,0.163164,0.0122402,0.195516,0.0390135
56216.458635,0.0547753,0.00599251,0.148268,0.0120092,0.183857,0.0372197
56217.651145,0.0418539,0.00561798,0.129561,0.0120092,0.0686099,0.0381166
56218.521410,0.0416667,0.0079588,0.0757506,0.0146651,0.0233184,0.0520179
56219.488345,0.0230337,0.00674157,0.0583141,0.0143187,0.0713004,0.0497758
56220.487465,0.0179775,0.00571161,0.0287529,0.0124711,-0.0139013,0.0470852
56221.454305,0.029588,0.00833333,0.0530023,0.0165127,0.0139013,0.0600897
56222.421090,0.0314607,0.0085206,0.0461894,0.0166282,0.038565,0.0591928
56223.387825,0.0176966,0.00842697,0.0418014,0.0176674,-0.0130045,0.0609865
56224.354525,0.0370787,0.0110487,0.0400693,0.0181293,-0.0426009,0.0627803
56225.401595,0.0311798,0.00861423,0.0689376,0.0176674,0.142152,0.0587444
56227.286825,0.0700375,0.0155431,0.16709,0.0297921,0.061435,0.0789238
56228.317755,0.0937266,0.0177903,0.386259,0.0354503,0.487892,0.0932735
56229.284030,0.149906,0.0192884,0.505543,0.0400693,0.473991,0.093722
56230.250365,0.186517,0.0213483,0.60843,0.0424942,0.758296,0.104484
56231.216695,0.237079,0.0243446,0.969169,0.0508083,1.35605,0.129148
56233.213720,0.226966,0.0235955,0.78776,0.0452656,1.16861,0.120179
56234.179950,0.331273,0.0259363,0.952771,0.0489607,1.32332,0.124664
56235.146085,0.30824,0.0252809,0.932679,0.0479215,1.09821,0.121076
56236.176495,0.26236,0.0229401,0.701039,0.0422633,1.05785,0.114798
56237.174585,0.223221,0.0179775,0.748383,0.0363741,0.927354,0.0928251
56238.204710,0.243446,0.0162921,0.640762,0.030485,0.780717,0.0789238
56239.299020,0.206835,0.0107678,0.575866,0.0203233,0.642601,0.0538117
56240.393280,0.169757,0.0093633,0.504734,0.0181293,0.626009,0.0479821
56241.487380,0.144476,0.0076779,0.432794,0.015127,0.500897,0.041704
56242.517105,0.124345,0.0071161,0.402771,0.0144342,0.390135,0.0376682
56243.514640,0.105056,0.00664794,0.311778,0.013164,0.326906,0.0363229
56244.512140,0.0955993,0.00599251,0.257852,0.0116628,0.259193,0.0331839
56245.509665,0.0816479,0.00636704,0.189145,0.0115473,0.193274,0.0336323
56246.056760,0.0606742,0.0151685,0.179215,0.0295612,0.135426,0.0834081
56247.472695,0.02603,0.0100187,0.120092,0.0218245,-0.02287,0.058296
56248.985640,0.0410112,0.0192884,0.0581986,0.0353349,0.0556054,0.125112
56249.503940,0.0292135,0.00571161,0.0528868,0.0106236,0.0896861,0.0345291
56250.498590,0.0128277,0.00440075,0.0183603,0.00727483,-0.0147982,0.0269058
56251.528785,0.00308989,0.00449438,0.00993072,0.00877598,-0.00493274,0.0309417
56252.494635,0.00702247,0.00374532,0.00808314,0.00727483,0.0152466,0.0269058
56253.492735,0.00411985,0.00355805,0.00658199,0.00669746,0.00358744,0.0255605
56254.523085,0.000842697,0.00402622,-0.0051963,0.00750577,0.00852018,0.0295964
56255.456850,0.00486891,0.00421348,0.000692841,0.0073903,0.0134529,0.0300448
56256.487260,-0.00093633,0.00365169,0.00461894,0.00681293,-0.0251121,0.0264574
56257.453295,0.00655431,0.00458801,0.00923788,0.00796767,0,0.0336323
56258.483760,-0.00337079,0.00599251,0.0095843,0.0112009,-0.026009,0.0479821
56259.482035,0.0093633,0.0079588,-0.0017321,0.0154734,0.0609865,0.058296
56260.834565,-0.0071161,0.00786517,0.00542725,0.0183603,0.00941704,0.0757848
56261.575245,0.00430712,0.00365169,-0.00288684,0.00727483,0.00134529,0.029148
56262.509140,0.000655431,0.00402622,0.00796767,0.00727483,0.0192825,0.0295964
56263.217630,-0.0241573,0.0132022,-0.0437644,0.0273672,0.00358744,0.120179
56264.538040,-0.00430712,0.00636704,-0.0207852,0.0183603,0.0188341,0.0699552
56265.439790,0.00299625,0.00402622,0.012933,0.00727483,-0.00627803,0.0313901
56266.566995,0.00262172,0.00496255,-0.00669746,0.00923788,0.0408072,0.0367713
56267.500985,0.00131086,0.00337079,0.00415704,0.00762125,-0.00313901,0.032287
56268.499385,0.00252809,0.00299625,0.00658199,0.00658199,-0.00941704,0.0278027
56269.497800,0.0011236,0.00290262,-0.00658199,0.00623557,-0.0242152,0.0273543
56270.496205,0.00234082,0.00318352,0.00323326,0.00669746,0.0058296,0.0282511
56271.494630,0.00262172,0.00280899,0.000808314,0.00588915,-0.0376682,0.0237668
56272.428630,0.00215356,0.00299625,0.00138568,0.00635104,-0.0183857,0.0278027
56273.491475,0.00346442,0.00290262,0.00127021,0.0056582,-0.0179372,0.0219731
56274.489900,0.00243446,0.00299625,0.00727483,0.00588915,-0.0269058,0.02287
56275.488310,0.00318352,0.00280899,0.0116628,0.00600462,0.0161435,0.0233184
56276.486705,-0.000187266,0.00262172,0.00334873,0.00600462,-0.0044843,0.0242152
56277.485140,-0.000468165,0.00262172,0.0114319,0.00577367,-0.0327354,0.0215247
56278.515870,0.00121723,0.00252809,-0.00150115,0.0056582,-0.00672646,0.0224215
56279.514400,0.00421348,0.00318352,0.000577367,0.00612009,0.0206278,0.026009
56280.512920,-0.00121723,0.00271536,0.00969977,0.00623557,-0.0134529,0.0251121
56281.511430,0.0011236,0.00290262,0.00438799,0.00612009,-0.0058296,0.0242152
56282.509860,0.0011236,0.00299625,0.00415704,0.00669746,0.0215247,0.0264574
56283.508265,-0.000655431,0.00327715,0.0135104,0.00773672,-0.0255605,0.0286996
56284.506770,0.00337079,0.00327715,0.000692841,0.0073903,0.00044843,0.0295964
56285.505350,-0.00196629,0.00337079,-0.00161663,0.0073903,-0.0502242,0.029148
56286.503950,0.00168539,0.00346442,0.0154734,0.00762125,0.0130045,0.0295964
56287.534760,-9.3633e-05,0.00365169,-0.00150115,0.00842956,-0.0349776,0.0340807
56288.501080,0.00308989,0.00374532,-0.000577367,0.00854503,0.0206278,0.0363229
56289.467425,0.00196629,0.00383895,-0.00600462,0.00866051,0.0242152,0.0358744
56290.369300,0.00149813,0.00496255,0.0091224,0.0113164,0.0147982,0.044843
56291.303400,0.00608614,0.00552434,0.00242494,0.0121247,-0.0139013,0.0493274
56292.269655,-9.3633e-05,0.00524345,0.0132794,0.0125866,-0.0834081,0.0457399
56293.268100,0.00346442,0.00589888,0.015127,0.0143187,0.0762332,0.0596413
56294.234310,0.00655431,0.00589888,-0.00623557,0.013164,0.00134529,0.0596413
56295.200490,0.00655431,0.00599251,-0.00138568,0.0143187,0.0103139,0.0641256
56296.166610,0.00224719,0.0079588,-0.00993072,0.0152425,-0.0233184,0.058296
56297.164930,-0.00365169,0.00730337,-0.00381062,0.0163972,0.0286996,0.0668161
56298.131005,0.00374532,0.0104869,-0.0161663,0.0185912,-0.0327354,0.0856502
56300.127465,-0.00318352,0.00608614,0.00635104,0.0159353,0.0533632,0.0641256
56301.511990,0.0108614,0.00692884,-0.00750577,0.0130485,0.0147982,0.0578475
56302.091540,-0.0100187,0.0082397,0.0170901,0.0176674,-0.0210762,0.0834081
56303.508125,0.00777154,0.00805243,-0.00935335,0.0157044,0.0430493,0.0650224
56304.506080,-0.00365169,0.00692884,-0.0193995,0.0163972,0.0439462,0.0659193
56305.503995,0.00393258,0.00702247,0.00612009,0.0140878,-0.0434978,0.0547085
56306.501805,-0.00327715,0.0090824,0.032448,0.0225173,-0.0372197,0.0699552
56307.499540,-0.00365169,0.00589888,0.00300231,0.0140878,-0.055157,0.0533632
56308.497160,-0.00215356,0.00692884,0.0105081,0.0169746,-0.0273543,0.0587444
56309.494610,0.00533708,0.00543071,0.0122402,0.013164,-0.0390135,0.0479821
56310.460135,0.000749064,0.0071161,0.0106236,0.015358,-0.0269058,0.0672646
56311.489725,-0.00196629,0.00486891,0.00531178,0.0127021,-0.0408072,0.0479821
56312.454885,-0.00121723,0.00449438,0.00831409,0.0110855,-0.0161435,0.0430493
56315.510480,0.00159176,0.00337079,0.0138568,0.00762125,-0.0156951,0.0282511
56316.507510,0.00402622,0.00337079,0.00415704,0.00727483,0.00179372,0.0273543
56317.504465,0.00720974,0.00337079,0.0161663,0.0073903,-0.00403587,0.026009
56318.147755,0.00159176,0.00589888,0.0125866,0.0115473,0.0358744,0.0457399
56319.498675,0.00496255,0.00365169,0.0155889,0.00762125,-0.00179372,0.0273543
56320.495955,0.010206,0.00374532,0.0166282,0.00796767,-0.0219731,0.0269058
56321.557605,0.00636704,0.00411985,0.00681293,0.00831409,0.0143498,0.0318386
56322.490505,0.00627341,0.00365169,0.0161663,0.00762125,0.00717489,0.0273543
56323.488225,0.00102996,0.00337079,0.0120092,0.00808314,-0.000896861,0.0286996
56324.453540,0.00720974,0.00411985,0.00381062,0.00808314,0.00493274,0.0318386
56325.483425,0.00393258,0.00402622,0.00577367,0.00819861,-0.0224215,0.0286996
56326.513320,0.0109551,0.00421348,0.019746,0.00819861,0.0201794,0.0300448
56327.511090,0.00271536,0.00393258,0.0187067,0.00762125,-0.0278027,0.0278027
56328.508885,0.00955056,0.00458801,0.0101617,0.00842956,0.0340807,0.0304933
56329.506735,0.00683521,0.00421348,0.0138568,0.00796767,0.032287,0.029148
